-- phpMyAdmin SQL Dump
-- version 4.1.6
-- http://www.phpmyadmin.net
--
-- Servidor: 127.0.0.1
-- Tiempo de generación: 20-01-2015 a las 21:50:08
-- Versión del servidor: 5.6.16
-- Versión de PHP: 5.5.9

SET SQL_MODE = "NO_AUTO_VALUE_ON_ZERO";
SET time_zone = "+00:00";


/*!40101 SET @OLD_CHARACTER_SET_CLIENT=@@CHARACTER_SET_CLIENT */;
/*!40101 SET @OLD_CHARACTER_SET_RESULTS=@@CHARACTER_SET_RESULTS */;
/*!40101 SET @OLD_COLLATION_CONNECTION=@@COLLATION_CONNECTION */;
/*!40101 SET NAMES utf8 */;

--
-- Base de datos: `grupomesa`
--

-- --------------------------------------------------------

--
-- Estructura de tabla para la tabla `banners`
--

CREATE TABLE IF NOT EXISTS `banners` (
  `id` int(10) unsigned NOT NULL AUTO_INCREMENT,
  `direccion` varchar(255) COLLATE utf8_unicode_ci NOT NULL,
  `created_at` timestamp NOT NULL DEFAULT '0000-00-00 00:00:00',
  `updated_at` timestamp NOT NULL DEFAULT '0000-00-00 00:00:00',
  PRIMARY KEY (`id`)
) ENGINE=InnoDB  DEFAULT CHARSET=utf8 COLLATE=utf8_unicode_ci AUTO_INCREMENT=13 ;

--
-- Volcado de datos para la tabla `banners`
--

INSERT INTO `banners` (`id`, `direccion`, `created_at`, `updated_at`) VALUES
(1, 'CASA SANTO DOMINGO.jpg', '2014-09-05 01:52:30', '2014-11-14 03:25:10'),
(2, 'Colinas de Santa Cruz.jpg', '2014-09-05 22:47:59', '2014-10-02 07:53:41'),
(3, 'DSC05409.JPG', '2014-09-22 03:35:56', '2014-10-01 20:48:04'),
(4, 'Carretera Sur.png', '2014-09-22 03:36:02', '2014-10-01 20:50:25'),
(5, 'DSC03317.jpg', '2014-09-22 03:36:15', '2014-10-01 21:17:44'),
(6, 'Casa Carretera Masaya, Portda.jpg', '2014-09-22 03:36:25', '2014-10-01 21:24:40'),
(7, 'MODULOS COMERCIALES.jpg', '2014-09-22 03:36:35', '2014-10-01 21:19:06'),
(8, 'CASA DR. CENTENO.jpg', '2014-09-22 03:37:10', '2014-10-01 21:29:39'),
(9, 'ALQUILER DE APARTAMENTOS DE LUJO.jpg', '2014-09-22 03:37:19', '2014-10-01 21:30:39'),
(10, 'AlQUILER DE CASAS EN CONDOMINIO.jpg', '2014-09-22 03:37:28', '2014-10-01 21:36:45'),
(11, 'VENTA DE EDIFICIOS.jpg', '2014-09-22 03:37:41', '2014-10-01 21:41:00'),
(12, 'VENTA DE TERRENOS.jpg', '2014-09-22 03:37:50', '2014-10-01 21:44:23');

-- --------------------------------------------------------

--
-- Estructura de tabla para la tabla `depto`
--

CREATE TABLE IF NOT EXISTS `depto` (
  `id` int(2) NOT NULL DEFAULT '0',
  `opcion` varchar(255) COLLATE utf8_spanish_ci NOT NULL DEFAULT '',
  PRIMARY KEY (`id`)
) ENGINE=InnoDB DEFAULT CHARSET=utf8 COLLATE=utf8_spanish_ci;

--
-- Volcado de datos para la tabla `depto`
--

INSERT INTO `depto` (`id`, `opcion`) VALUES
(1, 'Atlantico Norte (RAAN)'),
(2, 'Atlantico Sur (RAAS)'),
(3, 'Boaco'),
(4, 'Carazo'),
(5, 'Chinandega'),
(6, 'Chontales'),
(7, 'Esteli'),
(8, 'Granada'),
(9, 'Jinotega'),
(10, 'Leon'),
(11, 'Madriz'),
(12, 'Managua'),
(13, 'Masaya'),
(14, 'Matagalpa'),
(15, 'Nueva Segovia'),
(16, 'Rio San Juan'),
(17, 'Rivas');

-- --------------------------------------------------------

--
-- Estructura de tabla para la tabla `imagenes`
--

CREATE TABLE IF NOT EXISTS `imagenes` (
  `id` int(10) unsigned NOT NULL AUTO_INCREMENT,
  `url` varchar(255) COLLATE utf8_unicode_ci NOT NULL,
  `id_propiedad` int(11) NOT NULL,
  `created_at` timestamp NOT NULL DEFAULT '0000-00-00 00:00:00',
  `updated_at` timestamp NOT NULL DEFAULT '0000-00-00 00:00:00',
  PRIMARY KEY (`id`)
) ENGINE=InnoDB DEFAULT CHARSET=utf8 COLLATE=utf8_unicode_ci AUTO_INCREMENT=1 ;

-- --------------------------------------------------------

--
-- Estructura de tabla para la tabla `migrations`
--

CREATE TABLE IF NOT EXISTS `migrations` (
  `migration` varchar(255) COLLATE utf8_unicode_ci NOT NULL,
  `batch` int(11) NOT NULL
) ENGINE=InnoDB DEFAULT CHARSET=utf8 COLLATE=utf8_unicode_ci;

-- --------------------------------------------------------

--
-- Estructura de tabla para la tabla `municipio`
--

CREATE TABLE IF NOT EXISTS `municipio` (
  `id` int(2) NOT NULL DEFAULT '0',
  `opcion` varchar(255) COLLATE utf8_spanish_ci NOT NULL DEFAULT '',
  `relacion` int(2) NOT NULL DEFAULT '0',
  PRIMARY KEY (`id`)
) ENGINE=InnoDB DEFAULT CHARSET=utf8 COLLATE=utf8_spanish_ci;

--
-- Volcado de datos para la tabla `municipio`
--

INSERT INTO `municipio` (`id`, `opcion`, `relacion`) VALUES
(1, 'Waslala', 1),
(2, 'Waspan', 1),
(3, 'Puerto Cabezas', 1),
(4, 'Prinzapolka', 1),
(5, 'Bonanza', 1),
(6, 'Siuna', 1),
(7, 'Rosita', 1),
(8, 'La Cruz de Río Grande', 2),
(9, 'Laguna de Perlas', 2),
(10, 'Muelle de los Bueyes', 2),
(11, 'Nueva Guinea', 2),
(12, 'Paiwas', 2),
(13, 'Bluefields', 2),
(14, 'Desembocadura de la Cruz de Río Grande', 2),
(15, 'El Ayote', 2),
(16, 'El Rama', 2),
(17, 'El Tortuguero', 2),
(18, 'Islas del Maíz', 2),
(19, 'Kukra Hill', 2),
(20, 'Teustepe', 3),
(21, 'San José de los Remates', 3),
(22, 'Santa Lucía', 3),
(23, 'Boaco', 3),
(24, 'Camoapa', 3),
(25, 'San Lorenzo', 3),
(26, 'San Marcos', 4),
(27, 'Diriamba', 4),
(28, 'Dolores', 4),
(29, 'Jinotepe', 4),
(30, 'El Rosario', 4),
(31, 'La Paz', 4),
(32, 'Santa Teresa', 4),
(33, 'La Conquista', 4),
(34, 'El Viejo', 5),
(35, 'Puerto Morazán', 5),
(36, 'Somotillo', 5),
(37, 'Santo Tomás del Norte', 5),
(38, 'Cinco Pinos', 5),
(39, 'San Pedro del Norte', 5),
(40, 'San Francisco del Norte', 5),
(41, 'Corinto', 5),
(42, 'Villanueva', 5),
(43, 'Chinandega', 5),
(44, 'Posoltega', 5),
(45, 'Chichigalpa', 5),
(46, 'El Realejo', 5),
(47, 'Comalapa', 6),
(48, 'Juigalpa', 6),
(49, 'La Libertad', 6),
(50, 'Santo Domingo', 6),
(51, 'San Pedro de Lovago', 6),
(52, 'Santo Tomás', 6),
(53, 'El Rama', 6),
(54, 'Villa Sandino', 6),
(55, 'Acoyapa', 6),
(56, 'Cuapa', 6),
(57, 'El Coral', 6),
(58, 'Mueye de los Bueyes', 6),
(59, 'Nueva Guinea', 6),
(60, 'El Ayote', 6),
(61, 'Pueblo Nuevo', 7),
(62, 'Condega', 7),
(63, 'San Juan de Limay', 7),
(64, 'Esteli', 7),
(65, 'La Trinidad', 7),
(66, 'San Nicolás', 7),
(67, 'Granada', 8),
(68, 'Diriomo', 8),
(69, 'Diriá', 8),
(70, 'Nandaime', 8),
(71, 'La Concordia', 9),
(72, 'San Sebastián de Yalí', 9),
(73, 'San Rafael del Norte', 9),
(74, 'Jinotega', 9),
(75, 'Santa María de Pantasma', 9),
(76, 'Cuá Bocay', 9),
(77, 'Wiwilí', 9),
(78, 'Achuapa', 10),
(79, 'El Sauce', 10),
(80, 'Santa Rosa del Peñón', 10),
(81, 'El Jicaral', 10),
(82, 'Larreynaga-Malpaisillo', 10),
(83, 'Telica', 10),
(84, 'Quezalguaque', 10),
(85, 'León', 10),
(86, 'La Paz Centro', 10),
(87, 'Nagarote', 10),
(88, 'San José de Cusmapa', 11),
(89, 'Las Sabanas', 11),
(90, 'San Lucas', 11),
(91, 'Somoto', 11),
(92, 'Totogalpa', 11),
(93, 'Yalaguina', 11),
(94, 'Palacaguina', 11),
(95, 'Telpaneca', 11),
(96, 'San Juan de Río Coco', 11),
(97, 'San Francisco Libre', 12),
(98, 'Tipitapa', 12),
(99, 'Managua', 12),
(100, 'San Rafael del Sur', 12),
(101, 'Villa Carlos Fonseca', 12),
(102, 'El Crucero', 12),
(103, 'Mateare', 12),
(104, 'Ciudad Sandino', 12),
(105, 'Ticuantepe', 12),
(106, 'Tisma', 13),
(107, 'Masaya', 13),
(108, 'Nindirí', 13),
(109, 'La Concepción', 13),
(110, 'Masatepe', 13),
(111, 'Nandasmo', 13),
(112, 'Niquinohomo', 13),
(113, 'Catarina', 13),
(114, 'San Juan de Oriente', 13),
(115, 'Matagalpa', 14),
(116, 'Sébaco', 14),
(117, 'San Isidro', 14),
(118, 'Ciudad Darío', 14),
(119, 'Terrabona', 14),
(120, 'San Dionisio', 14),
(121, 'Esquipulas', 14),
(122, 'Muy-Muy', 14),
(123, 'San Ramón', 14),
(124, 'Matiguás', 14),
(125, 'Río Blanco', 14),
(126, 'Rancho Grande', 14),
(127, 'Tuma La Dalia', 14),
(128, 'Santa María', 15),
(129, 'Macuelizo', 15),
(130, 'Dipilto', 15),
(131, 'Ocotal', 15),
(132, 'Mozonte', 15),
(133, 'San Fernando', 15),
(134, 'Jalapa', 15),
(135, 'Murra', 15),
(136, 'Wiwili', 15),
(137, 'El Jícaro', 15),
(138, 'Ciudad Antigua', 15),
(139, 'Quilali', 15),
(140, 'Morrito', 16),
(141, 'El Almendro', 16),
(142, 'San Miguelito', 16),
(143, 'San Carlos', 16),
(144, 'El Castillo', 16),
(145, 'San Juan del Norte', 16),
(146, 'Tola', 17),
(147, 'Belén', 17),
(148, 'Potosí', 17),
(149, 'Buenos Aires', 17),
(150, 'San Jorge', 17),
(151, 'Rivas', 17),
(152, 'San Juan del Sur', 17),
(153, 'Cardenas', 17),
(154, 'Moyogalpa', 17),
(155, 'Altagracia', 17);

-- --------------------------------------------------------

--
-- Estructura de tabla para la tabla `propiedades`
--

CREATE TABLE IF NOT EXISTS `propiedades` (
  `id` int(10) unsigned NOT NULL AUTO_INCREMENT,
  `titulo` varchar(255) COLLATE utf8_unicode_ci NOT NULL,
  `estado` tinyint(1) NOT NULL,
  `tipopropiedad` varchar(255) COLLATE utf8_unicode_ci NOT NULL,
  `tipoanuncio` varchar(255) COLLATE utf8_unicode_ci NOT NULL,
  `precioventa` double DEFAULT NULL,
  `precioalquiler` double DEFAULT NULL,
  `tiempo` varchar(255) COLLATE utf8_unicode_ci DEFAULT NULL,
  `precioadmin` varchar(255) COLLATE utf8_unicode_ci DEFAULT NULL,
  `moneda` varchar(255) COLLATE utf8_unicode_ci NOT NULL,
  `estadofisico` varchar(255) COLLATE utf8_unicode_ci NOT NULL,
  `anocontruccion` varchar(255) COLLATE utf8_unicode_ci NOT NULL,
  `areautil` varchar(255) COLLATE utf8_unicode_ci NOT NULL,
  `areaterreno` varchar(255) COLLATE utf8_unicode_ci NOT NULL,
  `cuartos` int(11) NOT NULL,
  `banos` int(11) NOT NULL,
  `garaje` int(11) NOT NULL,
  `estratos` int(11) NOT NULL,
  `descripcion` varchar(1000) COLLATE utf8_unicode_ci NOT NULL,
  `pais` varchar(255) COLLATE utf8_unicode_ci NOT NULL,
  `departamento` varchar(255) COLLATE utf8_unicode_ci NOT NULL,
  `municipio` varchar(255) COLLATE utf8_unicode_ci NOT NULL,
  `zona` varchar(255) COLLATE utf8_unicode_ci NOT NULL,
  `direccion` varchar(255) COLLATE utf8_unicode_ci NOT NULL,
  `detallecasa` varchar(255) COLLATE utf8_unicode_ci DEFAULT NULL,
  `latitud` varchar(255) COLLATE utf8_unicode_ci NOT NULL,
  `longitud` varchar(255) COLLATE utf8_unicode_ci NOT NULL,
  `created_at` timestamp NOT NULL DEFAULT '0000-00-00 00:00:00',
  `updated_at` timestamp NOT NULL DEFAULT '0000-00-00 00:00:00',
  `id_usuario` varchar(255) COLLATE utf8_unicode_ci NOT NULL,
  `codigo` varchar(255) COLLATE utf8_unicode_ci NOT NULL,
  `visitas` int(11) NOT NULL,
  `observaciones` varchar(255) COLLATE utf8_unicode_ci DEFAULT NULL,
  `url` varchar(255) COLLATE utf8_unicode_ci DEFAULT NULL,
  `id_propietario` int(11) NOT NULL,
  `medidaterreno` varchar(255) COLLATE utf8_unicode_ci NOT NULL,
  `medidaconstruccion` varchar(255) COLLATE utf8_unicode_ci NOT NULL,
  PRIMARY KEY (`id`)
) ENGINE=InnoDB  DEFAULT CHARSET=utf8 COLLATE=utf8_unicode_ci AUTO_INCREMENT=77 ;

--
-- Volcado de datos para la tabla `propiedades`
--

INSERT INTO `propiedades` (`id`, `titulo`, `estado`, `tipopropiedad`, `tipoanuncio`, `precioventa`, `precioalquiler`, `tiempo`, `precioadmin`, `moneda`, `estadofisico`, `anocontruccion`, `areautil`, `areaterreno`, `cuartos`, `banos`, `garaje`, `estratos`, `descripcion`, `pais`, `departamento`, `municipio`, `zona`, `direccion`, `detallecasa`, `latitud`, `longitud`, `created_at`, `updated_at`, `id_usuario`, `codigo`, `visitas`, `observaciones`, `url`, `id_propietario`, `medidaterreno`, `medidaconstruccion`) VALUES
(41, 'Alquiler y venta de una finca', 0, 'Finca', 'Venta y Alquiler', 500, 400, 'Diario', '600', 'Dolares', 'Usado', '1990', '40', '50', 2, 1, 4, 2, 'esto es una prueba', 'Nicaragua', '12', '99', 'Arlen Siu', 'Arlen Siu', 'Piscina,Aire acondicionado,Walk-in-closet,Frente al mar,Garaje,Estudio,Salón de fiestas,Vigilancia 24Hrs,Frente al rio,Vista a la montaña,Vista al lago,Vista al mar', '12.1224499', '-86.20759049999998', '2014-09-20 08:45:28', '2014-11-07 06:37:36', 'ZARAKI', 'zaraki-41', 19, 'en realidad estamos probando', 'video', 2, 'Varas²', 'Varas²'),
(42, 'esta casa ya esta lista', 0, 'Almacen', 'Venta y Alquiler', 3323, 3333, 'Mensual', '32222', 'Dolares', 'Nuevo', '220222', '2222', '2222', 2, 2, 2, 2, 'fasdf asdfasdfasdfasdfsaf safsadf', 'Nicaragua', '12', '99', 'Barrio Chico Pelón', 'Barrio Chico Pelón', 'Cocina,Estudio,Área social,Gimnasio', '12.1515666', '-86.25077779999998', '2014-09-20 10:49:48', '2014-11-07 10:19:14', 'ADMIN', 'admin-42', 29, ' fasfasdf asf asfsafsaf sad f', '222222', 2, 'Varas²', 'Varas²'),
(43, 'Alquiler de casa en Bello Horizonte', 0, 'Casa de Habitacion', 'Alquiler', 45000, 300, 'Mensual', '50000', 'Dolares', 'Nuevo', '1990', '120', '80', 2, 2, 1, 1, 'casa de alex', 'Nicaragua', '12', '99', 'Bello Horizonte', 'Managua Bello Horizonte', 'Sala y Comedor,Cocina,Patio,Aire acondicionado,Garaje,Garaje techado,Estudio,Otros', '12.1448974', '-86.23236409999998', '2014-09-20 23:49:02', '2014-11-07 11:51:51', 'ADMIN', 'admin-43', 24, 'vive la mancha', 'Rf0MiJt9VJg', 1, 'Pies²', 'Pies²'),
(44, 'Alquiler de apartamentos residencial Santo Domingo', 0, 'Apartamento', 'Alquiler', NULL, 250, 'Mensual', '250', 'Dolares', 'Nuevo', '2004', '200', '500', 3, 1, 1, 1, 'Se vende casa ubicada en el Ostional en calle principal (adoquinada) a 300 mts del mar, esta distribuida en 2 habitaciones, 1 baño, amplio corredor, servicio de agua potable y energía eléctrica, portón metálico.', 'NI', '3', '22', 'El Llanito', 'El Llanito Nicaragua', 'Sala y Comedor,Cocina,Patio,Aire acondicionado central,Walk-in-closet,Cerca de escuelas,Terreno en esquina,Lavanderia interna,Vigilancia 24Hrs', '12.1657701', '-85.50171940000001', '2014-09-22 00:54:32', '2014-11-06 15:40:55', 'GMAG', 'GMAG-44', 181, 'Lugares cercanos playa El Coco o la reserva silvestre La Flor (desovadero de miles tortugas)', '-FizmhYk_Ig', 1, 'M²', 'M²'),
(45, 'Venta propiedad', 0, 'Apartamento', 'Venta', 10, 0, NULL, '14', 'Dolares', 'Nuevo', '2001', '12', '1', 1, 1, 1, 1, 'sdf ', 'Nicaragua', '12', '99', 'Altos de Nejapa', 'Altos de Nejapa', 'Sala y Comedor', '12.1199357', '-86.28568189999999', '2014-09-26 20:10:14', '2014-11-06 23:09:28', 'GMAG', 'GMAG-45', 28, 'sd fsdf', '', 3, 'M²', 'M²'),
(46, 'Se vende casa en las colinas, Managua', 0, 'Casa de Habitacion', 'Venta y Alquiler', 80000, 300, 'Mensual', '85000', 'Dolares', 'Nuevo', '2013', '200', '600', 3, 2, 1, 5, 'Se vende presiosa casa en las colinas, Esta cuenta con 2 habitaciones, salas, cocina, comedor, terraza y 2 baños.', 'NI', '12', '99', 'Américas 3', 'americas 3\r\nnicaragua', 'Cocina,Patio,Walk-in-closet,Cerca de escuelas,Garaje,Estudio,Lavanderia interna,Vigilancia 24Hrs,Vista a la montaña', '12.1296511', '-86.21267319999998', '2014-09-27 06:01:53', '2014-11-07 08:23:38', 'GMAG', 'GMAG-46', 27, 'Registrada en casa nica m001, ', '-6BsMzc9mMs', 2, 'Varas²', 'M²'),
(47, 'SE VENDE PRECIOSA CASA, EN CONDOMINIO, LAS COLINAS', 1, 'Casa de Habitacion', 'Venta', 320000, NULL, NULL, '0', 'Dolares', 'En Construccion', '2014', '385', '600', 4, 4, 2, 5, 'SE VENDE PRECIOSA CASA, EN CONDOMINIO, MANAGUA, NICARAGUA.\r\n\r\nLa casa Esta distribuida de 2 plantas, 4 habitaciones, baños, Sala formal, sala de estar con bar, cocina con isla y extractor con cubiertas de cuarzo, comedor, terraza, area de servicios coon baño y habitacion.Los acabados son de calidad exepcional e incluyen cuarzo en cocina, piso de porcelanato formato 60 x 60 y marmol, cuarzo en los baños. ', 'Nicaragua', '12', '99', 'Las Colinas', 'Las Colinas, de la Embajada de España 100 Metros al Norte, Villas Barcelona, Managua, Nicaragua', 'Sala y Comedor,Patio,Cuarto y baño de empleada,Walk-in-closet,Deposito o bodega,Balcón o Terraza,Cerca de escuelas,Garaje techado', '12.13282', '-86.25040000000001', '2014-10-01 23:32:06', '2014-11-14 01:53:06', 'GMAG', 'GMAG-7', 143, 'La comision es del 2.5%\r\n\r\nContacto Carolina Briones\r\nCel. \r\nMail. carolina_briones33@hotmail.com', '', 5, 'M²', 'M²'),
(48, 'SE ALQUILA CASA EN ALTAMIRA, MANAGUA, NICARAGUA', 1, 'Casa de Habitacion', 'Alquiler', NULL, 600, 'Mensual', '70', 'Dolares', 'Usado', '1975', '160', '400', 3, 1, 2, 3, 'SE ALQUILA, BONITA CASA EN ALTAMIRA, MANAGUA NICARAGUA\r\n\r\nEsta bonita casa, esta ubicada en una de las zonas mas seguras de managua, y cuenta con Porche, Garaje para 2 vehiculos, 3 habitaciones, Sala, cocina, comedor, y es ideal para casa de habitacion u oficina.\r\n\r\n', 'Nicaragua', '12', '99', 'Altamira', 'Altamira, de La universidad SIDITEK 100 metros al Oeste, Managua, Nicaragua', 'Sala y Comedor,Patio,Balcón o Terraza,Cerca de escuelas,Lavanderia interna,Otros', '12.13282', '-86.25040000000001', '2014-10-08 05:09:41', '2014-11-10 16:33:50', 'GMAG', 'GMAG-8', 48, 'Este cliente, solo paga el 70% del valor de la comision.', '', 6, 'Varas²', 'M²'),
(49, 'SE ALQUILA PRECIOSA CASA EN LAS COLINAS, MANAGUA, NICARAGUA', 1, 'Casa de Habitacion', 'Alquiler', 0, 2700, 'Mensual', '100%', 'Dolares', 'Usado', '2005', '600', '5000', 4, 6, 6, 5, 'SE ALQUILA, HERMOSA CASA EN LAS COLINAS, MANAGUA, NICARAGUA\r\n\r\nEsta preciosa casa esta ubicada en una de las zonas mas exclusivas de Managua, y cuenta con un precioso lobby,  drive way, dos Salas, Cocina, comedor, Terraza, 4Habitacion y Baño de Servicio, Un amplio patio y una preciosa piscina. Ademas cuenta con finos acabados de Mader, Muebles de  cocina, puertas entre otros.\r\n\r\nLa casa Cuenta con una espectacular vista hacia el Lago de Managua y la zona Nor Este de la Capital.\r\n\r\nEs ideal, para familias, Nacionales o Extranjeras que deseen vivir en un lugar exclusivo y de Nicaragua.', 'NI', '12', '99', 'Las Colinas', 'Las Colinas', 'Sala y Comedor,Cocina,Patio,Piscina,Aire acondicionado,Aire acondicionado central,Cuarto y baño de empleada,Walk-in-closet,Deposito o bodega,Balcón o Terraza,Cerca de escuelas,Jardín,Garaje,Garaje techado,Estudio,Área social,Lavanderia interna', '12.097698157603181', '-86.23718526813968', '2014-10-08 22:25:32', '2014-11-10 06:43:50', 'GMAG', 'GMAG-49', 49, 'Esta propiedad es Negociable, hasta U$2,200.00', '7xG_Xhj3swU', 1, 'Varas²', 'M²'),
(50, 'VENDO O ALQUILO PRECIOSA CASA EN SANTO DOMINGO', 1, 'Casa de Habitacion', 'Venta y Alquiler', 330000, 2200, 'Mensual', '', 'Dolares', 'Usado', '2005', '330', '716.8', 4, 4, 1, 5, 'Esta maravillosa casa se encuentra ubicada en una zona exclusiva de carretera a Masaya, cerca de escuelas y universidades, con una preciosa vista a la Montaña; cuenta con seguridad las 24 horas del día. A tan solo 10 minutos del centro de Managua. Cuenta con 4 habitaciones, 4 baños, cocina, comedor, habitaciones con aire acondicionado, cuarto y baño de servicio, garaje, área de lavandería interna. También cuenta con una preciosa terraza y un bello jardín, lo que la hace un lugar placentero para vivir.', 'Nicaragua', '12', '99', 'Altos de Santo Domingo', 'Altos de Santo Domingo', 'Sala y Comedor,Cocina,Patio,Aire acondicionado,Aire acondicionado central,Cuarto y baño de empleada,Walk-in-closet,Deposito o bodega,Jardín,Garaje,Vigilancia 24Hrs', '12.13282', '-86.25040000000001', '2014-10-10 02:38:00', '2014-11-10 08:32:46', 'GMRU', 'GMRU-10', 53, 'SIN COMENTARIOS', '', 8, 'M²', 'M²'),
(51, 'SE ALQUILA MODULO EN PLAZA COMERCIAL, MANAGUA NICARAGUA', 1, 'Locales Comerciales', 'Alquiler', NULL, 750, 'Mensual', '750', 'Dolares', 'Usado', '2005', '75', '75', 1, 1, 10, 4, 'SE ALQUILA MODULO COMERCIAL, EN EL CENTRO DE MANAGUA\r\n\r\nEstos modulos estan ubicados en plaza comercial, altamente frecuentada por los clientes\r\n\r\nson ideales para tiendas y oficinas, cuentan con baño, parque para clientes estan ubicados en una de las zonas mas seguras de Managua.\r\n\r\nTenemos modulos disponibles desde 75 metros cuadrados y el precio por metro es de U$10.00 + IVA', 'Nicaragua', '12', '99', 'Altamira', 'Altamira , de Edificio la fise 300 metros al Norte, Plaza san Ramon, Managua, Nicaragua\r\n', 'Balcón o Terraza,Vigilancia 24Hrs,Otros', '12.120488508241499', '-86.25456639842525', '2014-10-11 00:10:40', '2014-11-11 04:30:11', 'GMAG', 'GMAG-11', 110, 'Plaza San  Ramon\r\n', '', 9, 'M²', 'M²'),
(52, 'SE ALQUILA MODULO EN PLAZA COMERCIAL, MANAGUA NICARAGUA', 0, 'Locales Comerciales', 'Alquiler', NULL, 850, 'Mensual', '850', 'Dolares', 'Usado', '2005', '85', '2000', 1, 1, 30, 3, 'SE ALQUILA LOCAL EN CENTRO COMERCIAL, CARRETERA NORTE, MANAGUA,NICARAGUA\r\n\r\nTenemos modulos disponibles desde 85 metros cuadrados hasta 165 metros, a un precio por metro de U$10.00 + IVA.\r\n\r\nEsta plaza comercial, cuenta con alta afluencia de clientes y es ideal para negocios, cualquier tipo de tienda que usted decida instalar, restaurante u oficina. Cada mudulo cuenta con su baño y area de lavado, Seguridad 24 horas.\r\n\r\nLa plaza actualmente Cuenta con Bancos, Restaurantes instalados y tiendas de reconocido prestigio a nivel Nacional e internacional.\r\n\r\ncodigo GM1=66627', 'Nicaragua', '12', '99', 'Carretera Norte', 'Carretera Norte, Km 8, Plaza Rocargo', 'Cerca de escuelas,Terreno en esquina,Lavanderia interna,Vigilancia 24Hrs,Otros', '12.149868793689947', '-86.21103374562989', '2014-10-11 02:51:03', '2014-11-05 09:32:14', 'GMAG', 'GMAG-12', 6, 'Contacto: Maria Asuncion Matute\r\nTel.505-84011317\r\nMail.mmatutemejia@yahoo.com', 'iN1MsvguK_U', 10, 'M²', 'M²'),
(53, 'se vende casa', 0, 'Quintas', 'Venta', 5000, NULL, NULL, '19', 'Dolares', 'Nuevo', '1990', '100', '100', 2, 2, 2, 2, 'fsfgseg', 'Nicaragua', '12', '99', 'Arlen Siu', 'Arlen Siu', 'Piscina,Aire acondicionado,Área social,Gimnasio', '12.8779854', '-86.55405400000001', '2014-10-11 03:46:47', '2014-10-11 03:48:05', 'ADMIN', 'ADMIN-13', 0, 'dfgrerg', '', 1, 'Varas²', 'Varas²'),
(54, 'SE ALQUILA PRECIOSA CASA EN LAS COLINAS, MANAGUA, NICARAGUA', 1, 'Casa de Habitación', 'Venta', 155000, 0, NULL, '', 'Dolares', 'Usado', '2005', '180', '215.1', 4, 4, 2, 5, 'Esta maravillosa casa se encuentra ubicada en una de las zonas más exclusivas de Managua, a tan solo 5 minutos del centro de La ciudad. El hecho de encontrarse en una zona residencial exclusiva, la convierte en un lugar placentero y seguro para vivir. Cuenta con una sala, cocina, comedor, 3 habitaciones, 1 cuarto de servicio con baño. Además, aire acondicionado y abanicos de techo. También, hay un precioso jardín y una bella terraza. Se encuentra ubicada en una zona de fácil acceso, con colegios cercanos. ', 'NI', '12', '99', 'Las Colinas', 'Las Colinas', 'Sala y Comedor,Cocina,Patio,Cuarto y baño de empleada,Balcón o Terraza,Cerca de escuelas,Jardín,Vigilancia 24Hrs', '12.13282', '-86.25040000000001', '2014-10-11 07:55:13', '2014-11-14 01:02:53', 'GMAG', 'GMAG-54', 103, 'sin observaciones', '', 0, 'M²', 'M²'),
(55, 'SE VENDE O ALQUILA BONITOS APARTAMENTOS EN CARRETERA SUR', 1, 'Apartamento', 'Venta y Alquiler', 100000, 750, 'Mensual', '', 'Dolares', 'Nuevo', '2013', '85', '85', 2, 1, 0, 3, 'Estos bonitos apartamentos cuentan con: Sala, cocina, comedor, 2 habitaciones y 1 baño. Están \r\nUbicados en una de las zonas más exclusivas de Managua y cuentan con un clima agradable. Están ubicados a tan solo 150 metros de la carretera sur y a tan solo 15 minutos del Centro de Managua. Están dentro de un complejo de apartamentos y cuentan con parqueo privado área de recreación, piscina con baños y vestíbulos. Es ideal para una familia que desee vivir en una zona tranquila y exclusiva. Cuentan con seguridad las 24 horas. \r\n\r\nNota: Precio de alquiler sin amoblar $750.00\r\nAmoblados: $1,000.00\r\n', 'NI', '12', '99', 'Carretera Sur', 'Kilometro 12 carretera Sur, managua, nicaragua', 'Sala y Comedor,Cocina,Vigilancia 24Hrs', '12.13282', '-86.25040000000001', '2014-10-22 00:45:26', '2014-11-08 19:55:48', 'GMAG', 'GMAG-55', 41, 'Sin observaciones', '', 0, 'M²', 'M²'),
(56, 'SE VENDE BONITA CASA DE 2 PLANTAS EN BELLO HORIZONTE', 1, 'Casa de Habitacion', 'Venta', 130000, NULL, NULL, '', 'Dolares', 'Usado', '2005', '220', '300', 6, 5, 3, 3, 'Esta preciosa casa ubicada en una de las zonas más céntricas de Managua, cuenta con 2 plantas y es ideal para negocio, oficina, o únicamente como casa de habitación.\r\n\r\nLa primera planta está distribuida de la siguiente manera:\r\n•	Garaje Techado para 3 vehículos\r\n•	Sala, Cocina, \r\n•	Comedor, \r\n•	2 habitaciones\r\n•	2 Baños\r\nLa segunda planta cuenta con:\r\n•	Una hermosa terraza con su balcón\r\n•	4 habitaciones cada una con su baño\r\n•	Un apartamento completo\r\n', 'Nicaragua', '12', '99', 'Bello Horizonte', 'Bello horizonte. de la rotonda, 6 cuadras al sur. Mano inquierda', 'Sala y Comedor,Balcón o Terraza,Cerca de escuelas,Garaje,Otros', '-6.5299357573102705', '-76.30095004865723', '2014-10-22 21:33:20', '2014-11-07 01:56:30', 'GMRU', 'GMRU-16', 15, 'EL PRECIO DE VENTA ES DE $128,000, NEGOCIABLE A $130,000\r\n\r\nLA COMISION ES DE $3,000 SI SE VENDE EN $125,000 Y EL CLIENTE PAGA EL SOBRE PRECIO\r\n', '', 13, 'Varas²', 'M²'),
(57, 'SE VENDE TERRENO EN CARRETERA A MASAYA', 0, 'Terreno', 'Venta', 112500, NULL, NULL, '', 'Dolares', 'Nuevo', '2005', '0', '7500', 0, 0, 0, 3, 'Este terreno se encuentra cerca de una urbanización en Carretera a Masaya. Es completamente plano, goza de un clima agradable, propio de la zona. De fácil acceso, a 800 metros de la principal vía de carretera a Masaya y a 100 metros del adoquinado. Ideal para establecer agricultura, ganadería, construcciones, etc. Cuenta con servicio de Agua Potable y servicio eléctrico.', 'Nicaragua', '12', '99', 'Carretera a Masaya', 'Kilómetro 17, carretera a Masaya. Frente al residencial Sierras Doradas', 'Vista a la montaña,Otros', '12.13282', '-86.25040000000001', '2014-10-23 22:50:15', '2014-10-23 23:11:04', 'GMRU', 'GMRU-17', 3, 'PROPIEDAD INGRESADA POR EL AGENTE ISMAEL LOAISIGA\r\n\r\nEL PRECIO POR VARA CUADRADA ES DE $15, NEGOCIABLE', '', 14, 'M²', 'M²'),
(58, 'SE VENDE TERRENO EN CARRETERA A MASAYA', 1, 'Terreno', 'Venta', 112500, 0, NULL, '', 'Dolares', 'Usado', '2005', '0', '7500', 0, 0, 0, 2, 'Este Bonito terreno se encuentra cerca de una urbanización Sierras Doradas Carretera a Masaya. Es completamente plano, goza de un clima agradable, propio de la zona. De fácil acceso, a 800 metros de la principal vía de carretera a Masaya y a 100 metros del adoquinado. Ideal para establecer agricultura, ganadería, construcciones, etc. Cuenta con servicio de Agua Potable y servicio eléctrico.', 'NI', '12', '105', 'Carretera a Masaya', 'Kilómetro 17 carretera a masaya. del Residencial Sierras Doradas 150 metros al Norte, Managua Nicaragua', 'Cerca de escuelas,Vista a la montaña,Otros', '12.13282', '-86.25040000000001', '2014-10-23 23:08:27', '2014-11-06 12:35:22', 'GMAG', 'GMAG-58', 18, 'El contacto es Ismael Loaisiga: 81851120\r\n\r\nEL PRECIO ES DE $15 POR VARA CUADRADA, NEGOCIABLE', '', 0, 'Varas²', 'M²'),
(59, 'SE VENDEN 11.5 MANZANAS DE TERRENO CARRETERA TICUANTEPE', 1, 'Terreno', 'Venta', 1725000, NULL, NULL, '', 'Dolares', 'Usado', '2005', '480', '115000', 0, 0, 0, 3, 'Este hermoso terreno, cuenta con 4 casas en construcción, terminadas a un 60%, cada casa es de 120 metros cuadrados. La propiedad cuenta con Agua, Luz, y está ubicada a orillas de la carretera.\r\nEs ideal para desarrollo turístico o urbanístico, ya que es totalmente plana y cuenta con carretera pavimentada en tanto en el costado Oeste como el costado Norte. Ideal para desarrollar agricultura.\r\n', 'Nicaragua', '12', '99', 'Carretera Ticuantepe', 'Kilometro 16 carretera a Ticuantepe, Managua, nicaragua', 'Cerca de escuelas,Vista a la montaña', '12.022021322355124', '-86.20788964288323', '2014-10-25 01:53:12', '2014-11-07 03:15:34', 'GMRU', 'GMRU-19', 11, 'El precio por vara cuadrada es de $15.00', '', 15, 'Varas²', 'M²'),
(60, 'SE RENTA EDIFICIO UBICADO EN ALTAMIRA', 1, 'Edificio', 'Alquiler', NULL, 3500, 'Mensual', '', 'Dolares', 'Usado', '1999', '610', '1100', 10, 6, 10, 3, 'Este edificio comercial está conformado de 2 plantas, ideal para oficinas o negocio. Ubicado en una calle muy transitada. Cuenta con un área total de 540 m2  .     La planta baja cuenta con 395, planta alta 115 m2   más una bodega de 40 m2. Un amplio estacionamiento para 12 vehículos, cuartos con aire acondicionados, 2 tanques de agua,  con capacidad de 1.100 litros cada uno. Cuenta además con 6 líneas de telefonía, cortinas de hierro, lo que brinda buena seguridad.', 'Nicaragua', '12', '99', 'Altamira del Este', 'Altamira, Managua, Nicaragua. Del registro de la propiedad 100 metros al Norte, Mano izquierda', 'Aire acondicionado,Deposito o bodega,Cerca de escuelas', '12.119397580209766', '-86.25379392222897', '2014-10-27 21:08:13', '2014-11-06 22:18:51', 'GMRU', 'GMRU-20', 10, 'plazo de arrendamiento podra ser de 1-3 años.\r\npara la firma del contrato se requiere el pago del primer mes, ultimo mes y deposito por la misma cantidad.\r\n', '', 16, 'Varas²', 'M²'),
(61, 'SE VENDE CASA EN BELLO HORIZONTE', 1, 'Casa de Habitacion', 'Venta', 80000, NULL, NULL, '', 'Dolares', 'Usado', '2005', '180', '300', 3, 2, 3, 3, 'Esta preciosa casa ubicada en una de las zonas más céntricas de Managua, recién remodelada, es ideal para negocio, oficina, o únicamente como casa de habitación. Se encuentra distribuida de la siguiente manera:\r\n•	Un hermoso porche que puede ser utilizado como:\r\n•	Garaje Techado para 3 vehículos\r\n•	Sala, Cocina, \r\n•	Comedor, \r\n•	3 habitaciones\r\n•	2 Baños\r\n', 'Nicaragua', '12', '99', 'Bello Horizonte', 'BELLO HORIZONTE, MANAGUA. DE LA ROTONDA 6 CUADRAS AL SUR, MANO IZQUIERDA', 'Sala y Comedor,Cocina,Cerca de escuelas,Garaje techado', '12.143848526881637', '-86.23442403652336', '2014-10-28 21:21:24', '2014-11-06 12:35:20', 'GMRU', 'GMRU-21', 19, 'CODIGO WASI: 68564\r\n\r\nCASANICA NI0000484-14-95\r\n\r\nENCUENTRA24: 4220372', '', 17, 'Varas²', 'M²'),
(62, 'SE ALQUILA EDIFICIO DE 2 PLANTAS', 1, 'Edificio', 'Alquiler', NULL, 2000, 'Mensual', '', 'Dolares', 'Usado', '2004', '700', '700', 4, 6, 4, 3, 'Este edificio es ideal para bar, restaurante, karaoke e incluso para oficina con bodega. Se encuentra ubicado en un lugar muy concurrido. Cuenta con un amplio salón para fiestas. ', 'Nicaragua', '12', '99', 'Altagracia Norte', 'Barrio Altagracia. Managua Nicaragua. Frente a la plomeria Altagracia.', 'Deposito o bodega,Salón de fiestas,Otros', '12.131097030174642', '-86.29862579206542', '2014-10-30 00:42:11', '2014-11-06 12:25:25', 'GMRU', 'GMRU-22', 10, 'SI EL CONTRATO ES A 2 AÑOS, EL CLIENTE RECONOCE EL 100%, PERO SI ES A UN AÑO, EL CLIENTE RECONOCE EL 50% Y EL OTRO 50% AL RENOVAR EL CONTRATO', '', 18, 'Varas²', 'M²'),
(63, 'SE ALQUILA OFICINAS EN EDIFICIO CORPORATIVO DE MANAGUA', 1, 'Edificio', 'Alquiler', 0, 480, 'Mensual', '', 'Dolares', 'Usado', '2004', '40', '1000', 1, 1, 6, 3, 'Estas oficinas se encuentran en un bonito edificio,ubicado en una zona céntrica y muy transitada. El alquiler, incluye vigilancia y agua potable., tiene medidor independiente, línea telefónica; cuenta con aire acondicionado, lavamanos y pantri, área de lavado. oficinas corporativas desde 40 hasta 115  metros cuadrados. El precio por metro cuadrado es de $12.00 + IVA', 'NI', '12', '99', 'Bolonia', 'Bolonia, Managua, Nicaragua. de donde fue el cine cabrera, 2 cuadras al este. mano derecha. calle 27 de mayo. edificio La Merced', 'Lavanderia interna,Vigilancia 24Hrs,Otros', '12.139839700000017', '-86.2810355534424', '2014-10-30 01:30:57', '2014-11-06 12:30:25', 'GMAG', 'GMAG-63', 27, 'OFICINAS CORPORATIVAS DESDE 60 METROS HASTA 115 METROS CUADRADOS \r\n\r\nWASI 68739\r\nNI000048414-97\r\nENCUENTRA24 4225312', '', 0, 'Varas²', 'M²'),
(64, 'SE VENDE PRECIOSA CASA DE 2 PLANTAS EN CARRETERA A MASAYA', 1, 'Casa de Habitacion', 'Venta', 250000, 0, NULL, '', 'Dolares', 'Nuevo', '2013', '464', '1100', 5, 5, 1, 4, 'Esta preciosa casa se encuentra ubicada en una de las zonas más exclusivas de carretera a Masaya. Cuenta con 2 plantas;  Sala y comedor, cocina, cuarto de servicio, área de lavandería interna, un deposito o bodega, una hermosa terraza, garaje.  Construida con piso de porcelanato y granito, finos acabados de madera (puertas, muebles), garaje con portón eléctrico. Debido a la ubicación en zona residencial, permite que haya seguridad las 24 horas, además presenta una preciosa vista a la montaña.  \r\nNOTA: Es financiable hasta el 60% por el propietario con un plazo de 10 años\r\nPrecio con Piscina: $280,000\r\n', 'NI', '12', '99', 'Carretera a Masaya', 'RESIDENCIAL ALCALA. KM 16 1/2 CARRETERA A MASAYA. MANAGUA, NICARAGUA. ', 'Sala y Comedor,Cocina,Piscina,Cuarto y baño de empleada,Walk-in-closet,Deposito o bodega,Balcón o Terraza,Cerca de escuelas,Jardín,Garaje,Lavanderia interna,Vigilancia 24Hrs,Vista a la montaña,Otros', '12.044758450361211', '-86.19476347110594', '2014-10-31 01:34:33', '2014-11-10 08:33:14', 'GMAG', 'GMAG-64', 33, 'FINANCIABLE HASTA EL 60% PLAZO DE 10 AÑOS \r\n\r\nWASI 68868\r\nNI000048414-98\r\nENCUENTRA24: 4229092', 'uKoGN4lB2d8&feature=youtu.be', 0, 'Varas²', 'M²'),
(65, 'SE ALQUILA BONITA CASA EN LOMAS DEL VALLE', 1, 'Casa de Habitacion', 'Alquiler', NULL, 800, 'Mensual', '', 'Dolares', 'Nuevo', '2005', '72', '300', 3, 3, 1, 4, 'Esta hermosa casa se encuentra a tan solo 5 minutos del centro de Managua. Cuenta con sala, comedor, baños, un bonito apartamento con baño independiente. Al encontrarse en una zona residencial, lo convierte en un lugar seguro para vivir, de fácil acceso. Cuenta también con un portón y cerca eléctrica. ', 'Nicaragua', '12', '99', 'Lomas Del Valle', 'RESIDENCIAL LOMAS DEL VALLE, MANAGUA NICARAGUA CASA 0-37', 'Sala y Comedor,Cocina,Cuarto y baño de empleada,Cerca de escuelas,Lavanderia interna,Vigilancia 24Hrs', '12.108588154973646', '-86.24968884732664', '2014-11-01 01:34:16', '2014-11-10 08:55:04', 'GMRU', 'GMRU-25', 52, 'WASI 68977\r\n\r\nNI0000484-14-99\r\n\r\nENCUENTRA24: 4232178', 'rVpy96VCfgI&feature=youtu.be', 20, 'Varas²', 'M²'),
(66, 'SE VENDE PRECIOSA CASA EN RESIDENCIAL ', 1, 'Casa de Habitacion', 'Venta', 265000, 0, NULL, '', 'Dolares', 'Usado', '2008', '350', '1289', 5, 4, 2, 5, 'Esta preciosa casa se encuentra ubicada en uno de los residenciales mas prestigiosos y seguros de Managua. Esta preciosa y cómoda casa cuenta con 2 salas, área de comedor, 4 dormitorios con 3 baños, cuarto de servicio, con su baño y cocina con quinto cuarto que se puede ocuparse como un desayunador o bodega. Ademas tiene una preciosa terraza y amplia piscina (recién calichada), lindo jardín (arreglado y fumigado), área de lavado y garage techado para 2 automóviles con portón eléctrico. Cambien la casa se vende con 13 abanicos de techo, instalado, aires acondicionados en 4 de los dormitorios, agua caliente y alarma de seguridad. ', 'NI', '12', '99', 'Carretera a Masaya', 'LOMAS DE SANTO DOMINGO. MANAGUA, NICARAGUA', 'Sala y Comedor,Cocina,Patio,Piscina,Cuarto y baño de empleada,Balcón o Terraza,Cerca de escuelas,Garaje techado,Lavanderia interna,Vigilancia 24Hrs,Otros', '12.084577149069524', '-86.24133140052493', '2014-11-01 19:45:38', '2014-11-13 07:38:46', 'GMAG', 'GMAG-66', 71, 'WASI 69030\r\nNI0000484-14-100\r\nENCUENTRA24: 4233615', '-2pMtQIUaWY&feature=youtu.be', 0, 'Varas²', 'M²'),
(67, 'Casa bonita, ta bonita', 0, 'Casa de Habitacion', 'Venta', 50000, NULL, NULL, '1000', 'Dolares', 'Nuevo', '2014', '1200', '5000', 20, 10, 1, 4, 'Hola esta es una prueba', 'Nicaragua', '12', '99', 'Américas 3', 'Americas 3 Managua Nicaragua', 'Sala y Comedor,Cocina,Patio,Piscina,Aire acondicionado,Aire acondicionado central,Cuarto y baño de empleada,Walk-in-closet,Deposito o bodega,Gimnasio,Vista a la montaña,Vista al lago,Vista al mar', '12.1296511', '-86.21267319999998', '2014-11-04 22:07:48', '2014-11-08 19:55:45', 'ADMIN', 'ADMIN-27', 108, '', 'brnNo1lszIA', 3, 'M²', 'M²'),
(68, 'SE VENDE CASA EN LOMAS DEL VALLE', 1, 'Casa de Habitacion', 'Venta', 125000, NULL, NULL, '', 'Dolares', 'Nuevo', '2014', '145', '313', 3, 3, 1, 3, 'Bonita casa nueva, terminada en abril de 2014. Cuenta con 3 dormitorios cada uno con su respectivo baño. 2 salas, Cuarto y Baño de servicio, Terraza en el dormitorio principal y terraza en el comedor. Garage para dos vehículos. Aire acondicionado en el dormitorio principal. Walk-in closet. Pisos de cerámica. El residencial cuenta con un buen sistema de vigilancia. Cercano a Galerías y el Centro Comercial Managua. Así como a Camino de Oriente. Hospital Central también está cerca.', 'Nicaragua', '12', '99', 'Lomas Del Valle', 'Lomas del Valle, Managua, NIcaragua. Casa No.21', 'Sala y Comedor,Cocina,Patio,Aire acondicionado,Cuarto y baño de empleada,Walk-in-closet,Balcón o Terraza,Cerca de escuelas,Garaje,Vigilancia 24Hrs,Otros', '12.1079811', '-86.24506389999999', '2014-11-08 00:13:07', '2014-11-14 01:15:44', 'GMRU', 'GMRU-28', 7, 'wasi 69405\r\nNI0000484-14-103\r\nENCUENTRA24: 4251253', '8tx8NxmIDns', 22, 'M²', 'M²'),
(69, 'SE VENDE O ALQUILA CASA EN MANAGUA', 1, 'Casa de Habitacion', 'Venta y Alquiler', 800000, 5500, 'Mensual', '', 'Dolares', 'Usado', '2008', '700', '2312', 5, 5, 1, 4, 'Esta bellísima y espaciosa casa cuenta con 4 Dormitorios con sus baños, aires acondicionados, abanicos, teléfonos y walk in closets. Amplias salas de estar, salón principal, área de comedor, biblioteca,  bar, terrazas, jardín interno, área de gimnasio y  gran patio. Cocina moderna y remodelada recientemente en granito negro y madera. Piscina de 15 metros de largo con su ranchón. Departamento independiente de servicio que tiene dos dormitorios, baño, cocina, área de lavado, sala de estar, y una bodega. El garaje también tiene 2 cuartos de servicio con su baño. ü Alarmas y cámaras de seguridad, muro eléctrico y caseta de seguridad.', 'Nicaragua', '12', '99', 'Lomas de Santo Domingo', 'Lomas de Santo Domingo, Managua, Nicaragua. Casa No.11', 'Sala y Comedor,Cocina,Patio,Piscina,Aire acondicionado,Cuarto y baño de empleada,Walk-in-closet,Deposito o bodega,Balcón o Terraza,Cerca de escuelas,Jardín,Garaje,Lavanderia interna,Otros', '12.0829825', '-86.24188930000003', '2014-11-08 00:37:17', '2014-11-11 20:59:45', 'GMAG', 'GMAG-69', 8, 'WASI 69039\r\nNI0000484-14-101\r\n', '', 0, 'Varas²', 'M²'),
(70, 'SE ALQUILA EDIFICIO COMERCIAL NUEVO', 1, 'Edificio', 'Alquiler', 0, 1500, 'Mensual', '', 'Dolares', 'Nuevo', '2014', '300', '400', 4, 1, 12, 3, 'Este cómodo edificio comercial, es ideal para tienda, negocio u oficinas corporativas. Cuenta con 2 Bodegas de 80 metros cada uno, una sala de ventas. Está ubicado en una zona muy transitada. Está completamente nuevo y listo para ser ocupado.', 'Nicaragua', '12', '99', 'Bolonia', 'Bolonia, del hospital militar 200 m al norte, mano izquierda, Managua, Nicaragua', 'Sala y Comedor,Cocina,Patio,Deposito o bodega,Cerca de escuelas,Garaje', '12.1383864', '-86.274228', '2014-11-08 01:55:28', '2014-11-10 06:43:45', 'GMAG', 'GMAG-70', 4, 'cliente pagara el 50% comisión ', 'UeeDb1IgUoM', 0, 'M²', 'M²'),
(71, 'SE ALQUILA BONITA CASA EN CARRETERA SUR', 1, 'Casa de Habitacion', 'Alquiler', 0, 350, 'Mensual', '', 'Dolares', 'Usado', '2008', '100', '1500', 2, 1, 1, 3, 'Esta bonita casa se encuentra ubicada a tan solo 10 minutos del centro de Managua, cuenta con 2 habitaciones, área de cocina, un bonito patio, lavandería interna, 1 baño, piso de cerámica, una terraza muy bonita. Su diseño le da un toque moderno y elegante, lista para ser habitada.', 'Nicaragua', '12', '99', 'Carretera Sur', 'carretera Sur, Managua, nicaragua. Km 11, 100 metros al Oeste', 'Sala y Comedor,Cocina,Patio,Balcón o Terraza,Cerca de escuelas,Garaje', '12.115593046400452', '-86.31346427882079', '2014-11-11 20:54:31', '2014-11-12 00:02:50', 'GMAG', 'GMAG-71', 3, 'WASI 70173\r\nNI0000484-14-105\r\nENCUENTRA24: 4261489\r\n', 'Vt-fM6sv0A0', 0, 'Varas²', 'M²'),
(72, 'SE VENDE TERRENO EN TICUANTEPE', 1, 'Terreno', 'Venta', 433285.01, 0, NULL, '', 'Dolares', 'Usado', '2008', '0', '36875.32', 0, 0, 0, 3, 'Este terreno esta  formado por dos (2) terrenos colindantes  dividido por un camino,ubicado a 600 metros de carretera principal de Ticuantepe, con doble acceso,zona de clima agradable todo el año, altitud de de 238 metros. Magnifica vista a la montaña del Chocoyero. Ideal para desarrollo urbanistico. Cuenta con acceso a los servicios básicos de agua y luz para ser conectados.\r\nPrecio por Vara Cuadrada de $11.75\r\n\r\n', 'Nicaragua', '12', '99', 'Carretera Ticuantepe', 'carretera Ticuantepe, Managua, nicaragua. Km 16...10 metros al sur, 400 m al oeste, calle ancha', 'Vista a la montaña,Otros', '12.0218954', '-86.20441349999999', '2014-11-11 23:39:12', '2014-11-14 01:15:30', 'GMAG', 'GMAG-72', 9, 'WASI 70181\r\nCASANICA: NI0000484-14-106\r\nENCUENTRA24: 4262199\r\n', 'YgxqPVpvuzE', 25, 'Varas²', 'M²'),
(73, 'SE VENDE O ALQUILA CASA EN CARRETERA MASAYA', 1, 'Casa de Habitacion', 'Venta y Alquiler', 120000, 800, 'Mensual', '', 'Dolares', 'Usado', '2008', '280', '720', 3, 3, 2, 4, 'Esta hermosa casa se encuentra ubicada en una zona residencial exclusiva de Carretera a Masaya, cuenta con sala, comedor, cocina, un hermoso patio, cuartos con aire acondicionado, baño de servicio, una preciosa terraza, un bello jardín, garaje para 2 vehículos.  Esta casa es completamente segura, posee seguridad las 24 horas del día al encontrarse dentro de un residencial.  También posee una hermosa vista a la Montaña.', 'Nicaragua', '12', '99', 'Carretera a Masaya', 'CARRETERA A MASAYA,  NICARAGUA.RESIDENCIAL ALCALA.', 'Sala y Comedor,Cocina,Aire acondicionado,Aire acondicionado central,Cuarto y baño de empleada,Balcón o Terraza,Cerca de escuelas,Jardín,Garaje,Lavanderia interna,Vigilancia 24Hrs,Vista a la montaña,Otros', '12.049612107579279', '-86.19758949279787', '2014-11-12 01:52:36', '2014-11-12 01:52:36', 'GMRU', 'GMRU-33', 0, 'WASI 70127\r\nNI0000484-14-107 (VENTA)\r\nNI0000484-14-108 (ALQUILER)\r\nENCUENTRA24: 4262845', 'CEKOEBRCfY8', 18, 'Varas²', 'M²'),
(74, 'SE VENDE BONITO TERRENO EN CARRETERA MASAYA', 1, 'Terreno', 'Venta', 458942, NULL, NULL, '', 'Dolares', 'Usado', '2005', '0', '20861', 0, 0, 0, 3, 'Este Terreno es plano, ideal para desarrollo urbanístico, calle de acceso adoquinada, cuenta con servicios de agua potable, energía eléctrica. Cuenta con clima agradable y vegetación abundante. \r\n\r\nEl precio por Vara cuadrada es de $ 22.00\r\n', 'Nicaragua', '12', '99', 'Carretera a Masaya', 'kM 12.9 CARRETERA A MASAYA, 100 M AL ESTE, 50 VARAS NORTE MANAGUA, NICARAGUA', 'Cerca de escuelas,Terreno en esquina,Vista a la montaña,Otros', '12.068069425332942', '-86.2094965', '2014-11-13 20:05:46', '2014-11-14 02:50:47', 'GMRU', 'GMRU-34', 7, 'WASI 70236\r\nNI0000484-14-109\r\nENCUENTRA24:4264812', '', 26, 'Varas²', 'M²'),
(75, 'SE VENDE O ALQUILA BELLA CASA SECTOR UNICA', 1, 'Casa de Habitacion', 'Venta y Alquiler', 420000, 2500, 'Mensual', '', 'Dolares', 'Nuevo', '2013', '373', '3000', 5, 7, 2, 4, 'Esta preciosa casa se encuentra ubicada en una de las zonas más exclusivas de carretera a Masaya, cuenta con área de sala y comedor, cocina muy lujosa, habitaciones con aire acondicionado, cuarto de servicio, una preciosa terraza, un bello jardín y una hermosa piscina. Además posee garaje, lavandería interna, agua caliente disponible. Excelente ubicación, cerca de centros comerciales, escuelas y universidades.', 'Nicaragua', '12', '99', 'SECTOR UNICA', 'CARRETERA A MASAYA, MANAGUA, NICARAGUA', 'Sala y Comedor,Cocina,Patio,Piscina,Aire acondicionado,Cuarto y baño de empleada,Walk-in-closet,Deposito o bodega,Balcón o Terraza,Cerca de escuelas,Jardín,Garaje,Lavanderia interna,Otros', '12.083620388937119', '-86.2322446457855', '2014-11-13 23:25:30', '2014-11-28 08:40:55', 'GMRU', 'GMRU-35', 7, 'VANESSA OSORIO ES COMISIONISTA\r\n\r\nwasi 70368\r\nNI0000484-14-110 (VENTA)\r\nNI0000484-14-111 (ALQUILER)\r\nENCUENTRA24: 4269754', '', 27, 'Varas²', 'M²'),
(76, 'hola que hace', 1, 'Almacen', 'Venta', 33, NULL, NULL, '33333', 'Dolares', 'Nuevo', '33333', '333', '333', 3, 3, 3, 3, 'dfadsfasdf', 'Nicaragua', '12', '99', 'Américas 1', 'bello horizonte, managua', 'Sala y Comedor,Cocina,Garaje', '12.1448974', '-86.23236409999998', '2014-11-28 08:19:36', '2014-11-29 11:11:19', 'ADMIN', 'ADMIN-36', 13, 'fasfasdfasdf', '3333333', 17, 'M²', 'M²');

-- --------------------------------------------------------

--
-- Estructura de tabla para la tabla `propiedades_img`
--

CREATE TABLE IF NOT EXISTS `propiedades_img` (
  `id` int(10) unsigned NOT NULL AUTO_INCREMENT,
  `ruta` varchar(255) COLLATE utf8_unicode_ci NOT NULL,
  `id_propiedad` int(11) NOT NULL,
  `created_at` timestamp NOT NULL DEFAULT '0000-00-00 00:00:00',
  `updated_at` timestamp NOT NULL DEFAULT '0000-00-00 00:00:00',
  PRIMARY KEY (`id`)
) ENGINE=InnoDB  DEFAULT CHARSET=utf8 COLLATE=utf8_unicode_ci AUTO_INCREMENT=433 ;

--
-- Volcado de datos para la tabla `propiedades_img`
--

INSERT INTO `propiedades_img` (`id`, `ruta`, `id_propiedad`, `created_at`, `updated_at`) VALUES
(49, 'Alquiler de apartamentos residencial Santo DomingoLighthouse.jpg', 44, '2014-09-25 02:02:15', '2014-09-25 02:02:15'),
(50, 'Alquiler y venta de una fincacasa3.jpg', 41, '0000-00-00 00:00:00', '2014-09-26 00:08:28'),
(51, 'Alquiler de apartamentos residencial Santo DomingoLighthouse.jpg', 42, '0000-00-00 00:00:00', '0000-00-00 00:00:00'),
(52, 'Alquiler de apartamentos residencial Santo DomingoLighthouse.jpg', 43, '0000-00-00 00:00:00', '0000-00-00 00:00:00'),
(53, 'Alquiler de apartamentos residencial Santo DomingoLighthouse.jpg', 44, '0000-00-00 00:00:00', '0000-00-00 00:00:00'),
(54, 'Venta propiedad1291201066720pcataclysm_2.jpg', 45, '2014-09-26 20:11:05', '2014-09-26 20:11:05'),
(55, 'Venta propiedad1291201522720pcataclysm_3.jpg', 45, '2014-09-26 20:11:09', '2014-09-26 20:11:09'),
(56, 'Se vende casa en las colinas, ManaguaCaptura de pantalla de 2014-10-16 13:00:23.png', 46, '2014-09-27 06:04:01', '2014-10-16 22:02:51'),
(57, 'Se vende casa en las colinas, ManaguaHydrangeas.jpg', 46, '2014-09-27 06:04:12', '2014-09-27 06:04:12'),
(58, 'Se vende casa en las colinas, ManaguaDesert.jpg', 46, '2014-09-27 06:04:27', '2014-09-27 06:04:27'),
(59, 'SE VENDE PRECIOSA CASA, EN CONDOMINIO, LAS COLINASFachada SW con techo limaton (1).jpg', 47, '2014-10-01 23:33:44', '2014-10-01 23:33:44'),
(60, 'SE VENDE PRECIOSA CASA, EN CONDOMINIO, LAS COLINASimage2.JPG', 47, '2014-10-01 23:33:55', '2014-10-01 23:33:55'),
(61, 'SE VENDE PRECIOSA CASA, EN CONDOMINIO, LAS COLINASPlanta Alta.jpg', 47, '2014-10-01 23:34:08', '2014-10-01 23:34:08'),
(62, 'SE VENDE PRECIOSA CASA, EN CONDOMINIO, LAS COLINASPlanta Baja.jpg', 47, '2014-10-01 23:34:33', '2014-10-01 23:34:33'),
(63, 'SE VENDE PRECIOSA CASA, EN CONDOMINIO, LAS COLINASFachada SW con techo limaton (1).jpg', 47, '2014-10-01 23:37:58', '2014-10-01 23:37:58'),
(64, 'SE ALQUILA CASA EN ALTAMIRA, MANAGUA, NICARAGUADSC04257.JPG', 48, '2014-10-08 05:12:16', '2014-10-08 05:12:16'),
(65, 'SE ALQUILA CASA EN ALTAMIRA, MANAGUA, NICARAGUADSC04260.JPG', 48, '2014-10-08 05:12:19', '2014-10-08 05:12:19'),
(66, 'SE ALQUILA CASA EN ALTAMIRA, MANAGUA, NICARAGUADSC04258.JPG', 48, '2014-10-08 05:12:22', '2014-10-08 05:12:22'),
(67, 'SE ALQUILA CASA EN ALTAMIRA, MANAGUA, NICARAGUADSC04259.JPG', 48, '2014-10-08 05:12:25', '2014-10-08 05:12:25'),
(68, 'SE ALQUILA CASA EN ALTAMIRA, MANAGUA, NICARAGUADSC04261.JPG', 48, '2014-10-08 05:12:29', '2014-10-08 05:12:29'),
(69, 'SE ALQUILA CASA EN ALTAMIRA, MANAGUA, NICARAGUADSC04263.JPG', 48, '2014-10-08 05:12:33', '2014-10-08 05:12:33'),
(70, 'SE ALQUILA CASA EN ALTAMIRA, MANAGUA, NICARAGUADSC04264.JPG', 48, '2014-10-08 05:12:37', '2014-10-08 05:12:37'),
(71, 'SE ALQUILA CASA EN ALTAMIRA, MANAGUA, NICARAGUADSC04265.JPG', 48, '2014-10-08 05:12:40', '2014-10-08 05:12:40'),
(72, 'SE ALQUILA CASA EN ALTAMIRA, MANAGUA, NICARAGUADSC04266.JPG', 48, '2014-10-08 05:12:43', '2014-10-08 05:12:43'),
(73, 'SE ALQUILA CASA EN ALTAMIRA, MANAGUA, NICARAGUADSC04267.JPG', 48, '2014-10-08 05:12:47', '2014-10-08 05:12:47'),
(74, 'SE ALQUILA CASA EN ALTAMIRA, MANAGUA, NICARAGUADSC04268.JPG', 48, '2014-10-08 05:12:50', '2014-10-08 05:12:50'),
(75, 'SE ALQUILA CASA EN ALTAMIRA, MANAGUA, NICARAGUADSC04270.JPG', 48, '2014-10-08 05:12:53', '2014-10-08 05:12:53'),
(76, 'SE ALQUILA CASA EN ALTAMIRA, MANAGUA, NICARAGUADSC04271.JPG', 48, '2014-10-08 05:12:56', '2014-10-08 05:12:56'),
(77, 'SE ALQUILA CASA EN ALTAMIRA, MANAGUA, NICARAGUADSC04272.JPG', 48, '2014-10-08 05:12:59', '2014-10-08 05:12:59'),
(78, 'SE ALQUILA CASA EN ALTAMIRA, MANAGUA, NICARAGUADSC04273.JPG', 48, '2014-10-08 05:13:02', '2014-10-08 05:13:02'),
(79, 'SE ALQUILA PRECIOSA CASA EN LAS COLINAS, MANAGUA, NICARAGUADSC05411.JPG', 49, '2014-10-08 22:29:24', '2014-10-08 22:29:24'),
(80, 'SE ALQUILA PRECIOSA CASA EN LAS COLINAS, MANAGUA, NICARAGUADSC05370.JPG', 49, '2014-10-08 22:29:28', '2014-10-08 22:29:28'),
(81, 'SE ALQUILA PRECIOSA CASA EN LAS COLINAS, MANAGUA, NICARAGUADSC05374.JPG', 49, '2014-10-08 22:29:33', '2014-10-08 22:29:33'),
(82, 'SE ALQUILA PRECIOSA CASA EN LAS COLINAS, MANAGUA, NICARAGUADSC05375.JPG', 49, '2014-10-08 22:29:37', '2014-10-08 22:29:37'),
(83, 'SE ALQUILA PRECIOSA CASA EN LAS COLINAS, MANAGUA, NICARAGUADSC05376.JPG', 49, '2014-10-08 22:29:41', '2014-10-08 22:29:41'),
(84, 'SE ALQUILA PRECIOSA CASA EN LAS COLINAS, MANAGUA, NICARAGUADSC05377.JPG', 49, '2014-10-08 22:29:44', '2014-10-08 22:29:44'),
(85, 'SE ALQUILA PRECIOSA CASA EN LAS COLINAS, MANAGUA, NICARAGUADSC05378.JPG', 49, '2014-10-08 22:29:48', '2014-10-08 22:29:48'),
(86, 'SE ALQUILA PRECIOSA CASA EN LAS COLINAS, MANAGUA, NICARAGUADSC05379.JPG', 49, '2014-10-08 22:29:52', '2014-10-08 22:29:52'),
(87, 'SE ALQUILA PRECIOSA CASA EN LAS COLINAS, MANAGUA, NICARAGUADSC05381.JPG', 49, '2014-10-08 22:29:56', '2014-10-08 22:29:56'),
(88, 'SE ALQUILA PRECIOSA CASA EN LAS COLINAS, MANAGUA, NICARAGUADSC05382.JPG', 49, '2014-10-08 22:30:00', '2014-10-08 22:30:00'),
(89, 'SE ALQUILA PRECIOSA CASA EN LAS COLINAS, MANAGUA, NICARAGUADSC05383.JPG', 49, '2014-10-08 22:30:05', '2014-10-08 22:30:05'),
(90, 'SE ALQUILA PRECIOSA CASA EN LAS COLINAS, MANAGUA, NICARAGUADSC05389.JPG', 49, '2014-10-08 22:30:10', '2014-10-08 22:30:10'),
(91, 'SE ALQUILA PRECIOSA CASA EN LAS COLINAS, MANAGUA, NICARAGUADSC05390.JPG', 49, '2014-10-08 22:30:16', '2014-10-08 22:30:16'),
(92, 'SE ALQUILA PRECIOSA CASA EN LAS COLINAS, MANAGUA, NICARAGUADSC05391.JPG', 49, '2014-10-08 22:30:21', '2014-10-08 22:30:21'),
(93, 'SE ALQUILA PRECIOSA CASA EN LAS COLINAS, MANAGUA, NICARAGUADSC05392.JPG', 49, '2014-10-08 22:30:26', '2014-10-08 22:30:26'),
(94, 'SE ALQUILA PRECIOSA CASA EN LAS COLINAS, MANAGUA, NICARAGUADSC05396.JPG', 49, '2014-10-08 22:30:30', '2014-10-08 22:30:30'),
(95, 'SE ALQUILA PRECIOSA CASA EN LAS COLINAS, MANAGUA, NICARAGUADSC05412.JPG', 49, '2014-10-08 22:30:36', '2014-10-08 22:30:36'),
(96, 'SE ALQUILA PRECIOSA CASA EN LAS COLINAS, MANAGUA, NICARAGUADSC05411.JPG', 49, '2014-10-08 22:30:43', '2014-10-08 22:30:43'),
(97, 'SE ALQUILA PRECIOSA CASA EN LAS COLINAS, MANAGUA, NICARAGUADSC05408.JPG', 49, '2014-10-08 22:30:50', '2014-10-08 22:30:50'),
(98, 'SE ALQUILA PRECIOSA CASA EN LAS COLINAS, MANAGUA, NICARAGUADSC05407.JPG', 49, '2014-10-08 22:31:00', '2014-10-08 22:31:00'),
(99, 'SE ALQUILA CASA EN ALTAMIRA, MANAGUA, NICARAGUADSC04266.JPG', 49, '0000-00-00 00:00:00', '0000-00-00 00:00:00'),
(100, 'SE ALQUILA CASA EN ALTAMIRA, MANAGUA, NICARAGUADSC04266.JPG', 50, '0000-00-00 00:00:00', '0000-00-00 00:00:00'),
(103, 'SE ALQUILA MODULO EN PLAZA COMERCIAL, MANAGUA NICARAGUADSC03807.JPG', 51, '2014-10-11 00:11:45', '2014-10-11 00:11:45'),
(104, 'SE ALQUILA MODULO EN PLAZA COMERCIAL, MANAGUA NICARAGUADSC03806.JPG', 51, '2014-10-11 00:11:49', '2014-10-11 00:11:49'),
(105, 'SE ALQUILA MODULO EN PLAZA COMERCIAL, MANAGUA NICARAGUADSC03804.JPG', 51, '2014-10-11 00:11:53', '2014-10-11 00:11:53'),
(106, 'SE ALQUILA MODULO EN PLAZA COMERCIAL, MANAGUA NICARAGUADSC03803.JPG', 51, '2014-10-11 00:11:57', '2014-10-11 00:11:57'),
(107, 'SE ALQUILA MODULO EN PLAZA COMERCIAL, MANAGUA NICARAGUADSC03802.JPG', 51, '2014-10-11 00:12:01', '2014-10-11 00:12:01'),
(108, 'SE ALQUILA MODULO EN PLAZA COMERCIAL, MANAGUA NICARAGUADSC03801.JPG', 51, '2014-10-11 00:12:08', '2014-10-11 00:12:08'),
(109, 'SE ALQUILA MODULO EN PLAZA COMERCIAL, MANAGUA NICARAGUADSC03800.JPG', 51, '2014-10-11 00:12:13', '2014-10-11 00:12:13'),
(110, 'SE ALQUILA MODULO EN PLAZA COMERCIAL, MANAGUA NICARAGUADSC03799.JPG', 51, '2014-10-11 00:12:17', '2014-10-11 00:12:17'),
(111, 'SE ALQUILA MODULO EN PLAZA COMERCIAL, MANAGUA NICARAGUADSC03798.JPG', 51, '2014-10-11 00:12:21', '2014-10-11 00:12:21'),
(112, 'SE ALQUILA MODULO EN PLAZA COMERCIAL, MANAGUA NICARAGUADSC03797.JPG', 51, '2014-10-11 00:12:25', '2014-10-11 00:12:25'),
(113, 'SE ALQUILA MODULO EN PLAZA COMERCIAL, MANAGUA NICARAGUADSC03785.JPG', 52, '2014-10-11 02:55:15', '2014-10-11 02:55:15'),
(114, 'SE ALQUILA MODULO EN PLAZA COMERCIAL, MANAGUA NICARAGUADSC03788 - copia.JPG', 52, '2014-10-11 02:55:24', '2014-10-11 02:55:24'),
(115, 'SE ALQUILA MODULO EN PLAZA COMERCIAL, MANAGUA NICARAGUADSC03794.JPG', 52, '2014-10-11 02:55:33', '2014-10-11 02:55:33'),
(116, 'SE ALQUILA MODULO EN PLAZA COMERCIAL, MANAGUA NICARAGUADSC03793.JPG', 52, '2014-10-11 02:55:42', '2014-10-11 02:55:42'),
(117, 'SE ALQUILA MODULO EN PLAZA COMERCIAL, MANAGUA NICARAGUADSC03792.JPG', 52, '2014-10-11 02:55:52', '2014-10-11 02:55:52'),
(118, 'SE ALQUILA MODULO EN PLAZA COMERCIAL, MANAGUA NICARAGUADSC03787.JPG', 52, '2014-10-11 02:55:57', '2014-10-11 02:55:57'),
(119, 'SE ALQUILA MODULO EN PLAZA COMERCIAL, MANAGUA NICARAGUADSC03786.JPG', 52, '2014-10-11 02:56:00', '2014-10-11 02:56:00'),
(120, 'SE ALQUILA MODULO EN PLAZA COMERCIAL, MANAGUA NICARAGUADSC03785 - copia.JPG', 52, '2014-10-11 02:56:04', '2014-10-11 02:56:04'),
(121, 'SE ALQUILA MODULO EN PLAZA COMERCIAL, MANAGUA NICARAGUADSC03785.JPG', 52, '2014-10-11 02:56:07', '2014-10-11 02:56:07'),
(122, 'SE ALQUILA MODULO EN PLAZA COMERCIAL, MANAGUA NICARAGUADSC03784 - copia.JPG', 52, '2014-10-11 02:56:10', '2014-10-11 02:56:10'),
(123, 'SE ALQUILA MODULO EN PLAZA COMERCIAL, MANAGUA NICARAGUADSC03784.JPG', 52, '2014-10-11 02:56:14', '2014-10-11 02:56:14'),
(124, 'SE ALQUILA MODULO EN PLAZA COMERCIAL, MANAGUA NICARAGUADSC03783 - copia.JPG', 52, '2014-10-11 02:56:18', '2014-10-11 02:56:18'),
(125, 'SE ALQUILA MODULO EN PLAZA COMERCIAL, MANAGUA NICARAGUADSC03781 - copia.JPG', 52, '2014-10-11 02:56:21', '2014-10-11 02:56:21'),
(126, 'SE ALQUILA MODULO EN PLAZA COMERCIAL, MANAGUA NICARAGUADSC03779.JPG', 52, '2014-10-11 02:56:25', '2014-10-11 02:56:25'),
(127, 'SE ALQUILA MODULO EN PLAZA COMERCIAL, MANAGUA NICARAGUADSC03778.JPG', 52, '2014-10-11 02:56:28', '2014-10-11 02:56:28'),
(128, 'se vende casaDSC05224.JPG', 53, '2014-10-11 03:47:31', '2014-10-11 03:47:31'),
(129, 'se vende casaDSC05226.JPG', 53, '2014-10-11 03:47:34', '2014-10-11 03:47:34'),
(130, 'SE ALQUILA PRECIOSA CASA EN LAS COLINAS, MANAGUA, NICARAGUADSC05217.JPG', 54, '2014-10-11 07:58:48', '2014-10-11 07:58:48'),
(131, 'SE ALQUILA PRECIOSA CASA EN LAS COLINAS, MANAGUA, NICARAGUADSC05218.JPG', 54, '2014-10-11 07:58:54', '2014-10-11 07:58:54'),
(132, 'SE ALQUILA PRECIOSA CASA EN LAS COLINAS, MANAGUA, NICARAGUADSC05219.JPG', 54, '2014-10-11 07:58:58', '2014-10-11 07:58:58'),
(133, 'SE ALQUILA PRECIOSA CASA EN LAS COLINAS, MANAGUA, NICARAGUADSC05220.JPG', 54, '2014-10-11 07:59:01', '2014-10-11 07:59:01'),
(134, 'SE ALQUILA PRECIOSA CASA EN LAS COLINAS, MANAGUA, NICARAGUADSC05221.JPG', 54, '2014-10-11 07:59:06', '2014-10-11 07:59:06'),
(135, 'SE ALQUILA PRECIOSA CASA EN LAS COLINAS, MANAGUA, NICARAGUADSC05226.JPG', 54, '2014-10-11 07:59:10', '2014-10-11 07:59:10'),
(136, 'SE ALQUILA PRECIOSA CASA EN LAS COLINAS, MANAGUA, NICARAGUADSC05227.JPG', 54, '2014-10-11 07:59:14', '2014-10-11 07:59:14'),
(137, 'SE ALQUILA PRECIOSA CASA EN LAS COLINAS, MANAGUA, NICARAGUADSC05228.JPG', 54, '2014-10-11 07:59:17', '2014-10-11 07:59:17'),
(138, 'SE ALQUILA PRECIOSA CASA EN LAS COLINAS, MANAGUA, NICARAGUADSC05229.JPG', 54, '2014-10-11 07:59:22', '2014-10-11 07:59:22'),
(139, 'SE ALQUILA PRECIOSA CASA EN LAS COLINAS, MANAGUA, NICARAGUADSC05255.JPG', 54, '2014-10-11 07:59:25', '2014-10-11 07:59:25'),
(140, 'SE ALQUILA PRECIOSA CASA EN LAS COLINAS, MANAGUA, NICARAGUADSC05256.JPG', 54, '2014-10-11 07:59:28', '2014-10-11 07:59:28'),
(141, 'SE ALQUILA PRECIOSA CASA EN LAS COLINAS, MANAGUA, NICARAGUADSC05257.JPG', 54, '2014-10-11 07:59:31', '2014-10-11 07:59:31'),
(142, 'SE ALQUILA PRECIOSA CASA EN LAS COLINAS, MANAGUA, NICARAGUADSC05258.JPG', 54, '2014-10-11 07:59:35', '2014-10-11 07:59:35'),
(143, 'SE ALQUILA PRECIOSA CASA EN LAS COLINAS, MANAGUA, NICARAGUADSC05259.JPG', 54, '2014-10-11 07:59:39', '2014-10-11 07:59:39'),
(144, 'SE ALQUILA PRECIOSA CASA EN LAS COLINAS, MANAGUA, NICARAGUADSC05260.JPG', 54, '2014-10-11 07:59:43', '2014-10-11 07:59:43'),
(145, 'SE ALQUILA PRECIOSA CASA EN LAS COLINAS, MANAGUA, NICARAGUADSC05261.JPG', 54, '2014-10-11 07:59:47', '2014-10-11 07:59:47'),
(146, 'SE ALQUILA PRECIOSA CASA EN LAS COLINAS, MANAGUA, NICARAGUADSC05224.JPG', 54, '2014-10-11 07:59:51', '2014-10-11 07:59:51'),
(147, 'SE ALQUILA PRECIOSA CASA EN LAS COLINAS, MANAGUA, NICARAGUADSC05227.JPG', 54, '2014-10-11 07:59:55', '2014-10-11 07:59:55'),
(148, 'SE ALQUILA PRECIOSA CASA EN LAS COLINAS, MANAGUA, NICARAGUADSC05232.JPG', 54, '2014-10-11 07:59:59', '2014-10-11 07:59:59'),
(149, 'SE VENDE O ALQUILA BONITOS APARTAMENTOS EN CARRETERA SURDSC04793.JPG', 55, '2014-10-22 00:47:01', '2014-10-22 00:47:01'),
(150, 'SE VENDE O ALQUILA BONITOS APARTAMENTOS EN CARRETERA SURDSC04794.JPG', 55, '2014-10-22 00:47:05', '2014-10-22 00:47:05'),
(151, 'SE VENDE O ALQUILA BONITOS APARTAMENTOS EN CARRETERA SURDSC04791.JPG', 55, '2014-10-22 00:47:09', '2014-10-22 00:47:09'),
(152, 'SE VENDE O ALQUILA BONITOS APARTAMENTOS EN CARRETERA SURDSC04789.JPG', 55, '2014-10-22 00:47:15', '2014-10-22 00:47:15'),
(153, 'SE VENDE O ALQUILA BONITOS APARTAMENTOS EN CARRETERA SURDSC04795.JPG', 55, '2014-10-22 00:47:20', '2014-10-22 00:47:20'),
(154, 'SE VENDE O ALQUILA BONITOS APARTAMENTOS EN CARRETERA SURDSC04796.JPG', 55, '2014-10-22 00:47:25', '2014-10-22 00:47:25'),
(155, 'SE VENDE O ALQUILA BONITOS APARTAMENTOS EN CARRETERA SURDSC04797.JPG', 55, '2014-10-22 00:47:29', '2014-10-22 00:47:29'),
(156, 'SE VENDE O ALQUILA BONITOS APARTAMENTOS EN CARRETERA SURDSC04800.JPG', 55, '2014-10-22 00:47:33', '2014-10-22 00:47:33'),
(157, 'SE VENDE O ALQUILA BONITOS APARTAMENTOS EN CARRETERA SURDSC04801.JPG', 55, '2014-10-22 00:47:38', '2014-10-22 00:47:38'),
(158, 'SE VENDE O ALQUILA BONITOS APARTAMENTOS EN CARRETERA SURDSC04804.JPG', 55, '2014-10-22 00:47:41', '2014-10-22 00:47:41'),
(159, 'SE VENDE O ALQUILA BONITOS APARTAMENTOS EN CARRETERA SURDSC04805.JPG', 55, '2014-10-22 00:47:44', '2014-10-22 00:47:44'),
(160, 'SE VENDE O ALQUILA BONITOS APARTAMENTOS EN CARRETERA SURDSC04807.JPG', 55, '2014-10-22 00:47:48', '2014-10-22 00:47:48'),
(161, 'SE VENDE O ALQUILA BONITOS APARTAMENTOS EN CARRETERA SURDSC04808.JPG', 55, '2014-10-22 00:47:52', '2014-10-22 00:47:52'),
(162, 'SE VENDE O ALQUILA BONITOS APARTAMENTOS EN CARRETERA SURDSC04809.JPG', 55, '2014-10-22 00:47:57', '2014-10-22 00:47:57'),
(163, 'SE VENDE O ALQUILA BONITOS APARTAMENTOS EN CARRETERA SURDSC04810.JPG', 55, '2014-10-22 00:48:07', '2014-10-22 00:48:07'),
(164, 'SE VENDE O ALQUILA BONITOS APARTAMENTOS EN CARRETERA SURDSC04812.JPG', 55, '2014-10-22 00:48:13', '2014-10-22 00:48:13'),
(165, 'SE VENDE O ALQUILA BONITOS APARTAMENTOS EN CARRETERA SURDSC04802.JPG', 55, '2014-10-22 00:48:16', '2014-10-22 00:48:16'),
(166, 'SE VENDE BONITA CASA DE 2 PLANTAS EN BELLO HORIZONTEDSC02766.JPG', 56, '2014-10-22 21:35:12', '2014-10-22 21:35:12'),
(167, 'SE VENDE BONITA CASA DE 2 PLANTAS EN BELLO HORIZONTEDSC02769.JPG', 56, '2014-10-22 21:36:29', '2014-10-22 21:36:29'),
(168, 'SE VENDE BONITA CASA DE 2 PLANTAS EN BELLO HORIZONTEDSC02754.JPG', 56, '2014-10-22 21:36:34', '2014-10-22 21:36:34'),
(169, 'SE VENDE BONITA CASA DE 2 PLANTAS EN BELLO HORIZONTEDSC02755.JPG', 56, '2014-10-22 21:36:38', '2014-10-22 21:36:38'),
(170, 'SE VENDE BONITA CASA DE 2 PLANTAS EN BELLO HORIZONTEDSC02756.JPG', 56, '2014-10-22 21:36:42', '2014-10-22 21:36:42'),
(171, 'SE VENDE BONITA CASA DE 2 PLANTAS EN BELLO HORIZONTEDSC02757.JPG', 56, '2014-10-22 21:36:47', '2014-10-22 21:36:47'),
(172, 'SE VENDE BONITA CASA DE 2 PLANTAS EN BELLO HORIZONTEDSC02758.JPG', 56, '2014-10-22 21:36:52', '2014-10-22 21:36:52'),
(173, 'SE VENDE BONITA CASA DE 2 PLANTAS EN BELLO HORIZONTEDSC02759.JPG', 56, '2014-10-22 21:36:57', '2014-10-22 21:36:57'),
(174, 'SE VENDE BONITA CASA DE 2 PLANTAS EN BELLO HORIZONTEDSC02761.JPG', 56, '2014-10-22 21:37:05', '2014-10-22 21:37:05'),
(175, 'SE VENDE BONITA CASA DE 2 PLANTAS EN BELLO HORIZONTEDSC02763.JPG', 56, '2014-10-22 21:37:11', '2014-10-22 21:37:11'),
(176, 'SE VENDE BONITA CASA DE 2 PLANTAS EN BELLO HORIZONTEDSC02762.JPG', 56, '2014-10-22 21:37:16', '2014-10-22 21:37:16'),
(177, 'SE VENDE TERRENO EN CARRETERA A MASAYADSC09359.JPG', 57, '2014-10-23 22:50:59', '2014-10-23 22:50:59'),
(178, 'SE VENDE TERRENO EN CARRETERA A MASAYADSC09355.JPG', 57, '2014-10-23 22:51:03', '2014-10-23 22:51:03'),
(179, 'SE VENDE TERRENO EN CARRETERA A MASAYADSC09356.JPG', 57, '2014-10-23 22:51:08', '2014-10-23 22:51:08'),
(180, 'SE VENDE TERRENO EN CARRETERA A MASAYADSC09357.JPG', 57, '2014-10-23 22:51:13', '2014-10-23 22:51:13'),
(181, 'SE VENDE TERRENO EN CARRETERA A MASAYADSC09360.JPG', 57, '2014-10-23 22:51:17', '2014-10-23 22:51:17'),
(182, 'SE VENDE TERRENO EN CARRETERA A MASAYADSC09361.JPG', 57, '2014-10-23 22:51:24', '2014-10-23 22:51:24'),
(183, 'SE VENDE TERRENO EN CARRETERA A MASAYADSC09362.JPG', 57, '2014-10-23 22:51:32', '2014-10-23 22:51:32'),
(184, 'SE VENDE TERRENO EN CARRETERA A MASAYADSC09363.JPG', 57, '2014-10-23 22:51:40', '2014-10-23 22:51:40'),
(185, 'SE VENDE TERRENO EN CARRETERA A MASAYADSC09359.JPG', 58, '2014-10-23 23:09:15', '2014-10-23 23:09:15'),
(186, 'SE VENDE TERRENO EN CARRETERA A MASAYADSC09355.JPG', 58, '2014-10-23 23:09:19', '2014-10-23 23:09:19'),
(187, 'SE VENDE TERRENO EN CARRETERA A MASAYADSC09356.JPG', 58, '2014-10-23 23:09:28', '2014-10-23 23:09:28'),
(188, 'SE VENDE TERRENO EN CARRETERA A MASAYADSC09357.JPG', 58, '2014-10-23 23:09:35', '2014-10-23 23:09:35'),
(189, 'SE VENDE TERRENO EN CARRETERA A MASAYADSC09358.JPG', 58, '2014-10-23 23:09:46', '2014-10-23 23:09:46'),
(190, 'SE VENDE TERRENO EN CARRETERA A MASAYADSC09362.JPG', 58, '2014-10-23 23:09:56', '2014-10-23 23:09:56'),
(191, 'SE VENDE TERRENO EN CARRETERA A MASAYADSC09363.JPG', 58, '2014-10-23 23:10:04', '2014-10-23 23:10:04'),
(192, 'SE VENDE TERRENO EN CARRETERA A MASAYADSC09360.JPG', 58, '2014-10-23 23:10:19', '2014-10-23 23:10:19'),
(193, 'SE VENDE TERRENO EN CARRETERA A MASAYADSC09361.JPG', 58, '2014-10-23 23:10:29', '2014-10-23 23:10:29'),
(194, 'se vende casadescarga.jpg', 53, '2014-10-25 00:57:14', '2014-10-25 00:57:14'),
(195, 'SE VENDEN 11.5 MANZANAS DE TERRENO CARRETERA TICUANTEPEDSC05965.JPG', 59, '2014-10-25 01:53:50', '2014-10-25 01:53:50'),
(196, 'SE VENDEN 11.5 MANZANAS DE TERRENO CARRETERA TICUANTEPEDSC05958.JPG', 59, '2014-10-25 01:53:54', '2014-10-25 01:53:54'),
(197, 'SE VENDEN 11.5 MANZANAS DE TERRENO CARRETERA TICUANTEPEDSC05959.JPG', 59, '2014-10-25 01:53:57', '2014-10-25 01:53:57'),
(198, 'SE VENDEN 11.5 MANZANAS DE TERRENO CARRETERA TICUANTEPEDSC05960.JPG', 59, '2014-10-25 01:54:01', '2014-10-25 01:54:01'),
(199, 'SE VENDEN 11.5 MANZANAS DE TERRENO CARRETERA TICUANTEPEDSC05961.JPG', 59, '2014-10-25 01:54:06', '2014-10-25 01:54:06'),
(200, 'SE VENDEN 11.5 MANZANAS DE TERRENO CARRETERA TICUANTEPEDSC05962.JPG', 59, '2014-10-25 01:54:09', '2014-10-25 01:54:09'),
(201, 'SE VENDEN 11.5 MANZANAS DE TERRENO CARRETERA TICUANTEPEDSC05963.JPG', 59, '2014-10-25 01:54:13', '2014-10-25 01:54:13'),
(202, 'SE VENDEN 11.5 MANZANAS DE TERRENO CARRETERA TICUANTEPEDSC05966.JPG', 59, '2014-10-25 01:54:16', '2014-10-25 01:54:16'),
(203, 'SE VENDEN 11.5 MANZANAS DE TERRENO CARRETERA TICUANTEPEDSC05967.JPG', 59, '2014-10-25 01:54:20', '2014-10-25 01:54:20'),
(204, 'SE VENDEN 11.5 MANZANAS DE TERRENO CARRETERA TICUANTEPEDSC05968.JPG', 59, '2014-10-25 01:54:24', '2014-10-25 01:54:24'),
(205, 'SE VENDEN 11.5 MANZANAS DE TERRENO CARRETERA TICUANTEPEDSC05969.JPG', 59, '2014-10-25 01:54:28', '2014-10-25 01:54:28'),
(206, 'SE VENDEN 11.5 MANZANAS DE TERRENO CARRETERA TICUANTEPEDSC05970.JPG', 59, '2014-10-25 01:54:32', '2014-10-25 01:54:32'),
(207, 'SE VENDEN 11.5 MANZANAS DE TERRENO CARRETERA TICUANTEPEDSC05972.JPG', 59, '2014-10-25 01:54:35', '2014-10-25 01:54:35'),
(208, 'SE VENDEN 11.5 MANZANAS DE TERRENO CARRETERA TICUANTEPEDSC05973.JPG', 59, '2014-10-25 01:54:38', '2014-10-25 01:54:38'),
(209, 'SE VENDEN 11.5 MANZANAS DE TERRENO CARRETERA TICUANTEPEDSC05974.JPG', 59, '2014-10-25 01:54:41', '2014-10-25 01:54:41'),
(210, 'SE VENDEN 11.5 MANZANAS DE TERRENO CARRETERA TICUANTEPEDSC05975.JPG', 59, '2014-10-25 01:54:45', '2014-10-25 01:54:45'),
(211, 'SE VENDEN 11.5 MANZANAS DE TERRENO CARRETERA TICUANTEPEDSC05976.JPG', 59, '2014-10-25 01:54:48', '2014-10-25 01:54:48'),
(212, 'SE VENDEN 11.5 MANZANAS DE TERRENO CARRETERA TICUANTEPEDSC05977.JPG', 59, '2014-10-25 01:54:52', '2014-10-25 01:54:52'),
(213, 'SE VENDEN 11.5 MANZANAS DE TERRENO CARRETERA TICUANTEPEDSC05979.JPG', 59, '2014-10-25 01:54:59', '2014-10-25 01:54:59'),
(214, 'SE RENTA EDIFICIO UBICADO EN ALTAMIRADSC05888.JPG', 60, '2014-10-27 21:08:58', '2014-10-27 21:08:58'),
(215, 'SE RENTA EDIFICIO UBICADO EN ALTAMIRADSC05889.JPG', 60, '2014-10-27 21:09:01', '2014-10-27 21:09:01'),
(216, 'SE RENTA EDIFICIO UBICADO EN ALTAMIRADSC05890.JPG', 60, '2014-10-27 21:09:04', '2014-10-27 21:09:04'),
(217, 'SE RENTA EDIFICIO UBICADO EN ALTAMIRADSC05891.JPG', 60, '2014-10-27 21:09:12', '2014-10-27 21:09:12'),
(218, 'SE RENTA EDIFICIO UBICADO EN ALTAMIRADSC05892.JPG', 60, '2014-10-27 21:09:15', '2014-10-27 21:09:15'),
(219, 'SE RENTA EDIFICIO UBICADO EN ALTAMIRADSC05893.JPG', 60, '2014-10-27 21:09:18', '2014-10-27 21:09:18'),
(220, 'SE RENTA EDIFICIO UBICADO EN ALTAMIRADSC05896.JPG', 60, '2014-10-27 21:09:26', '2014-10-27 21:09:26'),
(221, 'SE RENTA EDIFICIO UBICADO EN ALTAMIRADSC05897.JPG', 60, '2014-10-27 21:09:29', '2014-10-27 21:09:29'),
(222, 'SE RENTA EDIFICIO UBICADO EN ALTAMIRADSC05898.JPG', 60, '2014-10-27 21:09:32', '2014-10-27 21:09:32'),
(223, 'SE RENTA EDIFICIO UBICADO EN ALTAMIRADSC05899.JPG', 60, '2014-10-27 21:09:39', '2014-10-27 21:09:39'),
(224, 'SE RENTA EDIFICIO UBICADO EN ALTAMIRADSC05900.JPG', 60, '2014-10-27 21:09:44', '2014-10-27 21:09:44'),
(225, 'SE RENTA EDIFICIO UBICADO EN ALTAMIRADSC05902.JPG', 60, '2014-10-27 21:09:49', '2014-10-27 21:09:49'),
(226, 'SE RENTA EDIFICIO UBICADO EN ALTAMIRADSC05903.JPG', 60, '2014-10-27 21:09:57', '2014-10-27 21:09:57'),
(227, 'SE RENTA EDIFICIO UBICADO EN ALTAMIRADSC05904.JPG', 60, '2014-10-27 21:10:00', '2014-10-27 21:10:00'),
(228, 'SE RENTA EDIFICIO UBICADO EN ALTAMIRADSC05905.JPG', 60, '2014-10-27 21:10:04', '2014-10-27 21:10:04'),
(229, 'SE RENTA EDIFICIO UBICADO EN ALTAMIRADSC05906.JPG', 60, '2014-10-27 21:10:13', '2014-10-27 21:10:13'),
(230, 'SE RENTA EDIFICIO UBICADO EN ALTAMIRADSC05907.JPG', 60, '2014-10-27 21:10:19', '2014-10-27 21:10:19'),
(231, 'SE RENTA EDIFICIO UBICADO EN ALTAMIRADSC05908.JPG', 60, '2014-10-27 21:10:30', '2014-10-27 21:10:30'),
(232, 'SE RENTA EDIFICIO UBICADO EN ALTAMIRADSC05909.JPG', 60, '2014-10-27 21:10:39', '2014-10-27 21:10:39'),
(233, 'SE RENTA EDIFICIO UBICADO EN ALTAMIRADSC05910.JPG', 60, '2014-10-27 21:10:46', '2014-10-27 21:10:46'),
(234, 'SE VENDE CASA EN BELLO HORIZONTEDSC05872.JPG', 61, '2014-10-28 21:23:00', '2014-10-28 21:23:00'),
(235, 'SE VENDE CASA EN BELLO HORIZONTEDSC05872.JPG', 61, '2014-10-28 21:23:40', '2014-10-28 21:23:40'),
(236, 'SE VENDE CASA EN BELLO HORIZONTEDSC05873.JPG', 61, '2014-10-28 21:23:59', '2014-10-28 21:23:59'),
(237, 'SE VENDE CASA EN BELLO HORIZONTEDSC05874.JPG', 61, '2014-10-28 21:24:08', '2014-10-28 21:24:08'),
(238, 'SE VENDE CASA EN BELLO HORIZONTEDSC05875.JPG', 61, '2014-10-28 21:24:17', '2014-10-28 21:24:17'),
(239, 'SE VENDE CASA EN BELLO HORIZONTEDSC05876.JPG', 61, '2014-10-28 21:24:25', '2014-10-28 21:24:25'),
(240, 'SE VENDE CASA EN BELLO HORIZONTEDSC05877.JPG', 61, '2014-10-28 21:24:30', '2014-10-28 21:24:30'),
(241, 'SE VENDE CASA EN BELLO HORIZONTEDSC05878.JPG', 61, '2014-10-28 21:24:34', '2014-10-28 21:24:34'),
(242, 'SE VENDE CASA EN BELLO HORIZONTEDSC05879.JPG', 61, '2014-10-28 21:24:38', '2014-10-28 21:24:38'),
(243, 'SE VENDE CASA EN BELLO HORIZONTEDSC05880.JPG', 61, '2014-10-28 21:24:42', '2014-10-28 21:24:42'),
(244, 'SE VENDE CASA EN BELLO HORIZONTEDSC05881.JPG', 61, '2014-10-28 21:24:47', '2014-10-28 21:24:47'),
(245, 'SE VENDE CASA EN BELLO HORIZONTEDSC05883.JPG', 61, '2014-10-28 21:24:51', '2014-10-28 21:24:51'),
(246, 'SE VENDE CASA EN BELLO HORIZONTEDSC05884.JPG', 61, '2014-10-28 21:24:55', '2014-10-28 21:24:55'),
(247, 'SE VENDE CASA EN BELLO HORIZONTEDSC05885.JPG', 61, '2014-10-28 21:25:00', '2014-10-28 21:25:00'),
(248, 'SE ALQUILA EDIFICIO DE 2 PLANTASDSC06066.JPG', 62, '2014-10-30 00:43:24', '2014-10-30 00:43:24'),
(249, 'SE ALQUILA EDIFICIO DE 2 PLANTASDSC06064.JPG', 62, '2014-10-30 00:43:31', '2014-10-30 00:43:31'),
(250, 'SE ALQUILA EDIFICIO DE 2 PLANTASDSC06065.JPG', 62, '2014-10-30 00:43:39', '2014-10-30 00:43:39'),
(251, 'SE ALQUILA EDIFICIO DE 2 PLANTASDSC06092.JPG', 62, '2014-10-30 00:43:44', '2014-10-30 00:43:44'),
(252, 'SE ALQUILA EDIFICIO DE 2 PLANTASDSC06093.JPG', 62, '2014-10-30 00:43:48', '2014-10-30 00:43:48'),
(253, 'SE ALQUILA EDIFICIO DE 2 PLANTASDSC06094.JPG', 62, '2014-10-30 00:43:52', '2014-10-30 00:43:52'),
(254, 'SE ALQUILA EDIFICIO DE 2 PLANTASDSC06096.JPG', 62, '2014-10-30 00:43:56', '2014-10-30 00:43:56'),
(255, 'SE ALQUILA EDIFICIO DE 2 PLANTASDSC06097.JPG', 62, '2014-10-30 00:44:02', '2014-10-30 00:44:02'),
(256, 'SE ALQUILA EDIFICIO DE 2 PLANTASDSC06099.JPG', 62, '2014-10-30 00:44:10', '2014-10-30 00:44:10'),
(257, 'SE ALQUILA EDIFICIO DE 2 PLANTASDSC06100.JPG', 62, '2014-10-30 00:44:17', '2014-10-30 00:44:17'),
(258, 'SE ALQUILA EDIFICIO DE 2 PLANTASDSC06101.JPG', 62, '2014-10-30 00:44:25', '2014-10-30 00:44:25'),
(259, 'SE ALQUILA EDIFICIO DE 2 PLANTASDSC06067.JPG', 62, '2014-10-30 00:44:33', '2014-10-30 00:44:33'),
(260, 'SE ALQUILA EDIFICIO DE 2 PLANTASDSC06089.JPG', 62, '2014-10-30 00:44:41', '2014-10-30 00:44:41'),
(261, 'SE ALQUILA EDIFICIO DE 2 PLANTASDSC06090.JPG', 62, '2014-10-30 00:44:52', '2014-10-30 00:44:52'),
(262, 'SE ALQUILA EDIFICIO DE 2 PLANTASDSC06091.JPG', 62, '2014-10-30 00:45:03', '2014-10-30 00:45:03'),
(263, 'SE ALQUILA BONITO EDIFICIO PARA OFICINASDSC06125.JPG', 63, '2014-10-30 01:32:46', '2014-10-30 01:32:46'),
(264, 'SE ALQUILA BONITO EDIFICIO PARA OFICINASDSC06102.JPG', 63, '2014-10-30 01:32:49', '2014-10-30 01:32:49'),
(265, 'SE ALQUILA BONITO EDIFICIO PARA OFICINASDSC06103.JPG', 63, '2014-10-30 01:32:52', '2014-10-30 01:32:52'),
(266, 'SE ALQUILA BONITO EDIFICIO PARA OFICINASDSC06104.JPG', 63, '2014-10-30 01:32:56', '2014-10-30 01:32:56'),
(267, 'SE ALQUILA BONITO EDIFICIO PARA OFICINASDSC06105.JPG', 63, '2014-10-30 01:33:01', '2014-10-30 01:33:01'),
(268, 'SE ALQUILA BONITO EDIFICIO PARA OFICINASDSC06106.JPG', 63, '2014-10-30 01:33:05', '2014-10-30 01:33:05'),
(269, 'SE ALQUILA BONITO EDIFICIO PARA OFICINASDSC06107.JPG', 63, '2014-10-30 01:33:08', '2014-10-30 01:33:08'),
(270, 'SE ALQUILA BONITO EDIFICIO PARA OFICINASDSC06108.JPG', 63, '2014-10-30 01:33:11', '2014-10-30 01:33:11'),
(271, 'SE ALQUILA BONITO EDIFICIO PARA OFICINASDSC06109.JPG', 63, '2014-10-30 01:33:15', '2014-10-30 01:33:15'),
(272, 'SE ALQUILA BONITO EDIFICIO PARA OFICINASDSC06110.JPG', 63, '2014-10-30 01:33:18', '2014-10-30 01:33:18'),
(273, 'SE ALQUILA BONITO EDIFICIO PARA OFICINASDSC06111.JPG', 63, '2014-10-30 01:33:23', '2014-10-30 01:33:23'),
(274, 'SE ALQUILA BONITO EDIFICIO PARA OFICINASDSC06112.JPG', 63, '2014-10-30 01:33:27', '2014-10-30 01:33:27'),
(275, 'SE ALQUILA BONITO EDIFICIO PARA OFICINASDSC06117.JPG', 63, '2014-10-30 01:33:30', '2014-10-30 01:33:30'),
(276, 'SE ALQUILA BONITO EDIFICIO PARA OFICINASDSC06118.JPG', 63, '2014-10-30 01:33:33', '2014-10-30 01:33:33'),
(277, 'SE ALQUILA BONITO EDIFICIO PARA OFICINASDSC06119.JPG', 63, '2014-10-30 01:33:37', '2014-10-30 01:33:37'),
(278, 'SE ALQUILA BONITO EDIFICIO PARA OFICINASDSC06120.JPG', 63, '2014-10-30 01:33:41', '2014-10-30 01:33:41'),
(279, 'SE ALQUILA BONITO EDIFICIO PARA OFICINASDSC06121.JPG', 63, '2014-10-30 01:33:45', '2014-10-30 01:33:45'),
(280, 'SE ALQUILA BONITO EDIFICIO PARA OFICINASDSC06122.JPG', 63, '2014-10-30 01:33:48', '2014-10-30 01:33:48'),
(281, 'SE ALQUILA BONITO EDIFICIO PARA OFICINASDSC06126.JPG', 63, '2014-10-30 01:33:51', '2014-10-30 01:33:51'),
(282, 'SE ALQUILA BONITO EDIFICIO PARA OFICINASDSC06127.JPG', 63, '2014-10-30 01:33:54', '2014-10-30 01:33:54'),
(283, 'SE VENDE PRECIOSA CASA DE 2 PLANTAS EN CARRETERA A MASAYADSC06192.JPG', 64, '2014-10-31 01:38:23', '2014-10-31 01:38:23'),
(284, 'SE VENDE PRECIOSA CASA DE 2 PLANTAS EN CARRETERA A MASAYADSC06229.JPG', 64, '2014-10-31 01:38:27', '2014-10-31 01:38:27'),
(285, 'SE VENDE PRECIOSA CASA DE 2 PLANTAS EN CARRETERA A MASAYADSC06227.JPG', 64, '2014-10-31 01:38:31', '2014-10-31 01:38:31'),
(286, 'SE VENDE PRECIOSA CASA DE 2 PLANTAS EN CARRETERA A MASAYADSC06193.JPG', 64, '2014-10-31 01:38:34', '2014-10-31 01:38:34'),
(287, 'SE VENDE PRECIOSA CASA DE 2 PLANTAS EN CARRETERA A MASAYADSC06195.JPG', 64, '2014-10-31 01:38:38', '2014-10-31 01:38:38'),
(288, 'SE VENDE PRECIOSA CASA DE 2 PLANTAS EN CARRETERA A MASAYADSC06198.JPG', 64, '2014-10-31 01:38:43', '2014-10-31 01:38:43'),
(289, 'SE VENDE PRECIOSA CASA DE 2 PLANTAS EN CARRETERA A MASAYADSC06200.JPG', 64, '2014-10-31 01:38:48', '2014-10-31 01:38:48'),
(290, 'SE VENDE PRECIOSA CASA DE 2 PLANTAS EN CARRETERA A MASAYADSC06201.JPG', 64, '2014-10-31 01:38:51', '2014-10-31 01:38:51'),
(291, 'SE VENDE PRECIOSA CASA DE 2 PLANTAS EN CARRETERA A MASAYADSC06203.JPG', 64, '2014-10-31 01:38:55', '2014-10-31 01:38:55'),
(292, 'SE VENDE PRECIOSA CASA DE 2 PLANTAS EN CARRETERA A MASAYADSC06205.JPG', 64, '2014-10-31 01:39:02', '2014-10-31 01:39:02'),
(293, 'SE VENDE PRECIOSA CASA DE 2 PLANTAS EN CARRETERA A MASAYADSC06206.JPG', 64, '2014-10-31 01:39:06', '2014-10-31 01:39:06'),
(294, 'SE VENDE PRECIOSA CASA DE 2 PLANTAS EN CARRETERA A MASAYADSC06210.JPG', 64, '2014-10-31 01:39:11', '2014-10-31 01:39:11'),
(295, 'SE VENDE PRECIOSA CASA DE 2 PLANTAS EN CARRETERA A MASAYADSC06212.JPG', 64, '2014-10-31 01:39:15', '2014-10-31 01:39:15'),
(296, 'SE VENDE PRECIOSA CASA DE 2 PLANTAS EN CARRETERA A MASAYADSC06213.JPG', 64, '2014-10-31 01:39:20', '2014-10-31 01:39:20'),
(297, 'SE VENDE PRECIOSA CASA DE 2 PLANTAS EN CARRETERA A MASAYADSC06214.JPG', 64, '2014-10-31 01:39:23', '2014-10-31 01:39:23'),
(298, 'SE VENDE PRECIOSA CASA DE 2 PLANTAS EN CARRETERA A MASAYADSC06218.JPG', 64, '2014-10-31 01:39:28', '2014-10-31 01:39:28'),
(299, 'SE VENDE PRECIOSA CASA DE 2 PLANTAS EN CARRETERA A MASAYADSC06219.JPG', 64, '2014-10-31 01:39:34', '2014-10-31 01:39:34'),
(300, 'SE VENDE PRECIOSA CASA DE 2 PLANTAS EN CARRETERA A MASAYADSC06222.JPG', 64, '2014-10-31 01:39:39', '2014-10-31 01:39:39'),
(301, 'SE VENDE PRECIOSA CASA DE 2 PLANTAS EN CARRETERA A MASAYADSC06223.JPG', 64, '2014-10-31 01:39:42', '2014-10-31 01:39:42'),
(302, 'SE VENDE PRECIOSA CASA DE 2 PLANTAS EN CARRETERA A MASAYADSC06224.JPG', 64, '2014-10-31 01:39:48', '2014-10-31 01:39:48'),
(303, 'SE ALQUILA BONITA CASA EN LOMAS DEL VALLElomas del valle o37 exterior.jpg', 65, '2014-11-01 01:34:55', '2014-11-01 01:34:55'),
(304, 'SE ALQUILA BONITA CASA EN LOMAS DEL VALLEo-37 exterior 2.jpg', 65, '2014-11-01 01:35:15', '2014-11-01 01:35:15'),
(305, 'SE ALQUILA BONITA CASA EN LOMAS DEL VALLE0-37 cuarto principal.jpg', 65, '2014-11-01 01:35:42', '2014-11-01 01:35:42'),
(306, 'SE ALQUILA BONITA CASA EN LOMAS DEL VALLECocina o37.jpg', 65, '2014-11-01 01:35:55', '2014-11-01 01:35:55'),
(307, 'SE ALQUILA BONITA CASA EN LOMAS DEL VALLEcuarto o37.jpg', 65, '2014-11-01 01:36:08', '2014-11-01 01:36:08'),
(308, 'SE ALQUILA BONITA CASA EN LOMAS DEL VALLEsala o37.jpg', 65, '2014-11-01 01:36:19', '2014-11-01 01:36:19'),
(309, 'SE ALQUILA BONITA CASA EN LOMAS DEL VALLEsala2 o37.jpg', 65, '2014-11-01 01:36:32', '2014-11-01 01:36:32'),
(310, 'SE VENDE PRECIOSA CASA EN RESIDENCIAL 18.png', 66, '2014-11-01 19:46:53', '2014-11-01 19:46:53'),
(311, 'SE VENDE PRECIOSA CASA EN RESIDENCIAL 17.png', 66, '2014-11-01 19:46:56', '2014-11-01 19:46:56'),
(312, 'SE VENDE PRECIOSA CASA EN RESIDENCIAL 1.png', 66, '2014-11-01 19:46:58', '2014-11-01 19:46:58'),
(313, 'SE VENDE PRECIOSA CASA EN RESIDENCIAL 2.png', 66, '2014-11-01 19:47:04', '2014-11-01 19:47:04'),
(314, 'SE VENDE PRECIOSA CASA EN RESIDENCIAL 3.png', 66, '2014-11-01 19:47:09', '2014-11-01 19:47:09'),
(315, 'SE VENDE PRECIOSA CASA EN RESIDENCIAL 4.png', 66, '2014-11-01 19:47:11', '2014-11-01 19:47:11'),
(316, 'SE VENDE PRECIOSA CASA EN RESIDENCIAL 5.png', 66, '2014-11-01 19:47:14', '2014-11-01 19:47:14'),
(317, 'SE VENDE PRECIOSA CASA EN RESIDENCIAL 6.png', 66, '2014-11-01 19:47:17', '2014-11-01 19:47:17'),
(318, 'SE VENDE PRECIOSA CASA EN RESIDENCIAL 7.png', 66, '2014-11-01 19:47:19', '2014-11-01 19:47:19'),
(319, 'SE VENDE PRECIOSA CASA EN RESIDENCIAL 8.png', 66, '2014-11-01 19:47:22', '2014-11-01 19:47:22'),
(320, 'SE VENDE PRECIOSA CASA EN RESIDENCIAL 9.png', 66, '2014-11-01 19:47:25', '2014-11-01 19:47:25'),
(321, 'SE VENDE PRECIOSA CASA EN RESIDENCIAL 10.png', 66, '2014-11-01 19:47:28', '2014-11-01 19:47:28'),
(322, 'SE VENDE PRECIOSA CASA EN RESIDENCIAL 11.png', 66, '2014-11-01 19:47:30', '2014-11-01 19:47:30'),
(323, 'SE VENDE PRECIOSA CASA EN RESIDENCIAL 12.png', 66, '2014-11-01 19:47:32', '2014-11-01 19:47:32'),
(324, 'SE VENDE PRECIOSA CASA EN RESIDENCIAL 13.png', 66, '2014-11-01 19:47:34', '2014-11-01 19:47:34'),
(325, 'SE VENDE PRECIOSA CASA EN RESIDENCIAL 14.png', 66, '2014-11-01 19:47:36', '2014-11-01 19:47:36'),
(326, 'SE VENDE PRECIOSA CASA EN RESIDENCIAL 15.png', 66, '2014-11-01 19:47:38', '2014-11-01 19:47:38'),
(327, 'SE VENDE PRECIOSA CASA EN RESIDENCIAL 16.png', 66, '2014-11-01 19:47:41', '2014-11-01 19:47:41'),
(328, 'Casa bonita, ta bonitaSistema ADDAC-FADCANIC - Google Chrome_003.png', 67, '2014-11-04 22:08:39', '2014-11-05 01:00:01'),
(329, 'Casa bonita, ta bonitaSistema ADDAC-FADCANIC - Google Chrome_003.png', 67, '2014-11-04 22:08:44', '2014-11-05 01:00:33'),
(330, 'SE VENDE CASA EN LOMAS DEL VALLEDSC06029.JPG', 68, '2014-11-08 00:16:03', '2014-11-08 00:16:03'),
(331, 'SE VENDE CASA EN LOMAS DEL VALLEDSC06030.JPG', 68, '2014-11-08 00:16:06', '2014-11-08 00:16:06'),
(332, 'SE VENDE CASA EN LOMAS DEL VALLEDSC06032.JPG', 68, '2014-11-08 00:16:10', '2014-11-08 00:16:10'),
(333, 'SE VENDE CASA EN LOMAS DEL VALLEDSC06034.JPG', 68, '2014-11-08 00:16:13', '2014-11-08 00:16:13'),
(334, 'SE VENDE CASA EN LOMAS DEL VALLEDSC06037.JPG', 68, '2014-11-08 00:16:16', '2014-11-08 00:16:16'),
(335, 'SE VENDE CASA EN LOMAS DEL VALLEDSC06038.JPG', 68, '2014-11-08 00:16:20', '2014-11-08 00:16:20'),
(336, 'SE VENDE CASA EN LOMAS DEL VALLEDSC06039.JPG', 68, '2014-11-08 00:16:24', '2014-11-08 00:16:24'),
(337, 'SE VENDE CASA EN LOMAS DEL VALLEDSC06040.JPG', 68, '2014-11-08 00:16:28', '2014-11-08 00:16:28'),
(338, 'SE VENDE CASA EN LOMAS DEL VALLEDSC06041.JPG', 68, '2014-11-08 00:16:31', '2014-11-08 00:16:31'),
(339, 'SE VENDE CASA EN LOMAS DEL VALLEDSC06043.JPG', 68, '2014-11-08 00:16:35', '2014-11-08 00:16:35'),
(340, 'SE VENDE CASA EN LOMAS DEL VALLEDSC06044.JPG', 68, '2014-11-08 00:16:39', '2014-11-08 00:16:39'),
(341, 'SE VENDE CASA EN LOMAS DEL VALLEDSC06046.JPG', 68, '2014-11-08 00:16:42', '2014-11-08 00:16:42'),
(342, 'SE VENDE CASA EN LOMAS DEL VALLEDSC06047.JPG', 68, '2014-11-08 00:16:45', '2014-11-08 00:16:45'),
(343, 'SE VENDE CASA EN LOMAS DEL VALLEDSC06049.JPG', 68, '2014-11-08 00:16:48', '2014-11-08 00:16:48'),
(344, 'SE VENDE CASA EN LOMAS DEL VALLEDSC06052.JPG', 68, '2014-11-08 00:16:51', '2014-11-08 00:16:51'),
(345, 'SE VENDE CASA EN LOMAS DEL VALLEDSC06053.JPG', 68, '2014-11-08 00:16:54', '2014-11-08 00:16:54'),
(346, 'SE VENDE CASA EN LOMAS DEL VALLEDSC06054.JPG', 68, '2014-11-08 00:16:58', '2014-11-08 00:16:58'),
(347, 'SE VENDE CASA EN LOMAS DEL VALLEDSC06056.JPG', 68, '2014-11-08 00:17:01', '2014-11-08 00:17:01'),
(348, 'SE VENDE O ALQUILA CASA EN MANAGUAVISTA DE LA PISCINA.png', 69, '2014-11-08 00:37:54', '2014-11-10 18:13:05'),
(349, 'SE VENDE O ALQUILA CASA EN MANAGUA002.png', 69, '2014-11-08 00:37:57', '2014-11-08 00:37:57'),
(350, 'SE VENDE O ALQUILA CASA EN MANAGUA003.png', 69, '2014-11-08 00:38:00', '2014-11-08 00:38:00'),
(351, 'SE VENDE O ALQUILA CASA EN MANAGUA11 a.png', 69, '2014-11-08 00:38:08', '2014-11-08 00:38:08'),
(352, 'SE ALQUILA EDIFICIO COMERCIAL NUEVODSC06257.JPG', 70, '2014-11-08 01:56:44', '2014-11-08 01:56:44'),
(353, 'SE ALQUILA EDIFICIO COMERCIAL NUEVODSC06257.JPG', 70, '2014-11-08 01:56:51', '2014-11-08 01:56:51'),
(354, 'SE ALQUILA EDIFICIO COMERCIAL NUEVODSC06259.JPG', 70, '2014-11-08 01:56:57', '2014-11-08 01:56:57'),
(355, 'SE ALQUILA EDIFICIO COMERCIAL NUEVODSC06260.JPG', 70, '2014-11-08 01:57:02', '2014-11-08 01:57:02'),
(356, 'SE ALQUILA EDIFICIO COMERCIAL NUEVODSC06261.JPG', 70, '2014-11-08 01:57:06', '2014-11-08 01:57:06'),
(357, 'SE ALQUILA EDIFICIO COMERCIAL NUEVODSC06262.JPG', 70, '2014-11-08 01:57:10', '2014-11-08 01:57:10'),
(358, 'SE ALQUILA EDIFICIO COMERCIAL NUEVODSC06263.JPG', 70, '2014-11-08 01:57:16', '2014-11-08 01:57:16'),
(359, 'SE ALQUILA EDIFICIO COMERCIAL NUEVODSC06264.JPG', 70, '2014-11-08 01:57:21', '2014-11-08 01:57:21'),
(360, 'SE ALQUILA EDIFICIO COMERCIAL NUEVODSC06265.JPG', 70, '2014-11-08 01:57:27', '2014-11-08 01:57:27'),
(361, 'SE ALQUILA EDIFICIO COMERCIAL NUEVODSC06266.JPG', 70, '2014-11-08 01:57:33', '2014-11-08 01:57:33'),
(362, 'SE ALQUILA EDIFICIO COMERCIAL NUEVODSC06267.JPG', 70, '2014-11-08 01:57:37', '2014-11-08 01:57:37'),
(363, 'SE ALQUILA EDIFICIO COMERCIAL NUEVODSC06270.JPG', 70, '2014-11-08 01:57:41', '2014-11-08 01:57:41'),
(364, 'SE ALQUILA EDIFICIO COMERCIAL NUEVODSC06271.JPG', 70, '2014-11-08 01:57:45', '2014-11-08 01:57:45'),
(365, 'SE ALQUILA EDIFICIO COMERCIAL NUEVODSC06272.JPG', 70, '2014-11-08 01:57:51', '2014-11-08 01:57:51'),
(366, 'SE ALQUILA EDIFICIO COMERCIAL NUEVODSC06275.JPG', 70, '2014-11-08 01:57:54', '2014-11-08 01:57:54'),
(367, 'SE ALQUILA EDIFICIO COMERCIAL NUEVODSC06276.JPG', 70, '2014-11-08 01:57:57', '2014-11-08 01:57:57'),
(368, 'SE ALQUILA EDIFICIO COMERCIAL NUEVODSC06279.JPG', 70, '2014-11-08 01:58:02', '2014-11-08 01:58:02'),
(369, 'SE ALQUILA EDIFICIO COMERCIAL NUEVODSC06281.JPG', 70, '2014-11-08 01:58:07', '2014-11-08 01:58:07'),
(370, 'SE ALQUILA EDIFICIO COMERCIAL NUEVODSC06283.JPG', 70, '2014-11-08 01:58:12', '2014-11-08 01:58:12'),
(371, 'SE ALQUILA EDIFICIO COMERCIAL NUEVODSC06284.JPG', 70, '2014-11-08 01:58:15', '2014-11-08 01:58:15'),
(372, 'SE ALQUILA BONITA CASA EN CARRETERA SURDSC06243.JPG', 71, '2014-11-11 20:55:35', '2014-11-11 20:55:35'),
(373, 'SE ALQUILA BONITA CASA EN CARRETERA SURDSC06244.JPG', 71, '2014-11-11 20:55:39', '2014-11-11 20:55:39'),
(374, 'SE ALQUILA BONITA CASA EN CARRETERA SURDSC06246 - copia.JPG', 71, '2014-11-11 20:55:44', '2014-11-11 20:55:44'),
(375, 'SE ALQUILA BONITA CASA EN CARRETERA SURDSC06246.JPG', 71, '2014-11-11 20:55:48', '2014-11-11 20:55:48'),
(376, 'SE ALQUILA BONITA CASA EN CARRETERA SURDSC06311.JPG', 71, '2014-11-11 20:55:52', '2014-11-11 20:55:52'),
(377, 'SE ALQUILA BONITA CASA EN CARRETERA SURDSC06312.JPG', 71, '2014-11-11 20:55:57', '2014-11-11 20:55:57'),
(378, 'SE ALQUILA BONITA CASA EN CARRETERA SURDSC06313.JPG', 71, '2014-11-11 20:56:00', '2014-11-11 20:56:00'),
(379, 'SE ALQUILA BONITA CASA EN CARRETERA SURDSC06314.JPG', 71, '2014-11-11 20:56:05', '2014-11-11 20:56:05'),
(380, 'SE VENDE TERRENO EN TICUANTEPENueva imagen - copia (3).jpg', 72, '2014-11-11 23:40:58', '2014-11-11 23:40:58'),
(381, 'SE VENDE TERRENO EN TICUANTEPENueva imagen - copia.jpg', 72, '2014-11-12 00:12:15', '2014-11-12 00:12:15'),
(382, 'SE VENDE TERRENO EN TICUANTEPENueva imagen (1) - copia.jpg', 72, '2014-11-12 00:12:32', '2014-11-12 00:12:32'),
(383, 'SE VENDE TERRENO EN TICUANTEPENueva imagen (3) - copia.jpg', 72, '2014-11-12 00:13:25', '2014-11-12 00:13:25'),
(384, 'SE VENDE TERRENO EN TICUANTEPENueva imagen (3).jpg', 72, '2014-11-12 00:14:12', '2014-11-12 00:14:12'),
(385, 'SE VENDE TERRENO EN TICUANTEPENueva imagen.jpg', 72, '2014-11-12 00:14:27', '2014-11-12 00:15:06'),
(386, 'SE VENDE TERRENO EN TICUANTEPENueva imagen (5) - copia.jpg', 72, '2014-11-12 00:15:37', '2014-11-12 00:15:37'),
(387, 'SE VENDE TERRENO EN TICUANTEPENueva imagen (5) - copia.jpg', 72, '2014-11-12 00:15:55', '2014-11-12 00:15:55'),
(388, 'SE VENDE TERRENO EN TICUANTEPENueva imagen (4) - copia.jpg', 72, '2014-11-12 00:18:45', '2014-11-12 00:18:45'),
(389, 'SE VENDE O ALQUILA CASA EN CARRETERA MASAYADSC06150.JPG', 73, '2014-11-12 01:53:29', '2014-11-12 01:53:29'),
(390, 'SE VENDE O ALQUILA CASA EN CARRETERA MASAYADSC06152.JPG', 73, '2014-11-12 01:53:34', '2014-11-12 01:53:34'),
(391, 'SE VENDE O ALQUILA CASA EN CARRETERA MASAYADSC06153.JPG', 73, '2014-11-12 01:53:37', '2014-11-12 01:53:37'),
(392, 'SE VENDE O ALQUILA CASA EN CARRETERA MASAYADSC06154.JPG', 73, '2014-11-12 01:53:42', '2014-11-12 01:53:42'),
(393, 'SE VENDE O ALQUILA CASA EN CARRETERA MASAYADSC06156.JPG', 73, '2014-11-12 01:53:48', '2014-11-12 01:53:48'),
(394, 'SE VENDE O ALQUILA CASA EN CARRETERA MASAYADSC06157.JPG', 73, '2014-11-12 01:53:52', '2014-11-12 01:53:52'),
(395, 'SE VENDE O ALQUILA CASA EN CARRETERA MASAYADSC06159.JPG', 73, '2014-11-12 01:53:59', '2014-11-12 01:53:59'),
(396, 'SE VENDE O ALQUILA CASA EN CARRETERA MASAYADSC06161.JPG', 73, '2014-11-12 01:54:05', '2014-11-12 01:54:05'),
(397, 'SE VENDE O ALQUILA CASA EN CARRETERA MASAYADSC06163.JPG', 73, '2014-11-12 01:54:10', '2014-11-12 01:54:10'),
(398, 'SE VENDE O ALQUILA CASA EN CARRETERA MASAYADSC06165.JPG', 73, '2014-11-12 01:54:17', '2014-11-12 01:54:17'),
(399, 'SE VENDE O ALQUILA CASA EN CARRETERA MASAYADSC06167.JPG', 73, '2014-11-12 01:54:21', '2014-11-12 01:54:21'),
(400, 'SE VENDE O ALQUILA CASA EN CARRETERA MASAYADSC06171.JPG', 73, '2014-11-12 01:54:28', '2014-11-12 01:54:28'),
(401, 'SE VENDE O ALQUILA CASA EN CARRETERA MASAYADSC06175.JPG', 73, '2014-11-12 01:54:31', '2014-11-12 01:54:31'),
(402, 'SE VENDE O ALQUILA CASA EN CARRETERA MASAYADSC06176.JPG', 73, '2014-11-12 01:54:36', '2014-11-12 01:54:36'),
(403, 'SE VENDE O ALQUILA CASA EN CARRETERA MASAYADSC06179.JPG', 73, '2014-11-12 01:54:40', '2014-11-12 01:54:40'),
(404, 'SE VENDE O ALQUILA CASA EN CARRETERA MASAYADSC06180.JPG', 73, '2014-11-12 01:54:45', '2014-11-12 01:54:45'),
(405, 'SE VENDE O ALQUILA CASA EN CARRETERA MASAYADSC06181.JPG', 73, '2014-11-12 01:54:50', '2014-11-12 01:54:50'),
(406, 'SE VENDE O ALQUILA CASA EN CARRETERA MASAYADSC06183.JPG', 73, '2014-11-12 01:54:55', '2014-11-12 01:54:55'),
(407, 'SE VENDE O ALQUILA CASA EN CARRETERA MASAYADSC06187.JPG', 73, '2014-11-12 01:54:59', '2014-11-12 01:54:59'),
(408, 'SE VENDE O ALQUILA CASA EN CARRETERA MASAYADSC06188.JPG', 73, '2014-11-12 01:55:03', '2014-11-12 01:55:03'),
(409, 'SE VENDE BONITO TERRENO EN CARRETERA MASAYADSC06286 - copia.JPG', 74, '2014-11-13 20:06:34', '2014-11-13 20:06:34'),
(410, 'SE VENDE BONITO TERRENO EN CARRETERA MASAYADSC06287 - copia.JPG', 74, '2014-11-13 20:06:37', '2014-11-13 20:06:37'),
(411, 'SE VENDE BONITO TERRENO EN CARRETERA MASAYADSC06288.JPG', 74, '2014-11-13 20:06:40', '2014-11-13 20:06:40'),
(412, 'SE VENDE BONITO TERRENO EN CARRETERA MASAYADSC06289.JPG', 74, '2014-11-13 20:06:44', '2014-11-13 20:06:44'),
(413, 'SE VENDE BONITO TERRENO EN CARRETERA MASAYADSC06291 - copia.JPG', 74, '2014-11-13 20:06:49', '2014-11-13 20:06:49'),
(414, 'SE VENDE BONITO TERRENO EN CARRETERA MASAYADSC06291.JPG', 74, '2014-11-13 20:06:53', '2014-11-13 20:06:53'),
(415, 'SE VENDE BONITO TERRENO EN CARRETERA MASAYADSC06292.JPG', 74, '2014-11-13 20:06:58', '2014-11-13 20:06:58'),
(416, 'SE VENDE BONITO TERRENO EN CARRETERA MASAYADSC06293.JPG', 74, '2014-11-13 20:07:02', '2014-11-13 20:07:02'),
(417, 'SE VENDE BONITO TERRENO EN CARRETERA MASAYADSC06294.JPG', 74, '2014-11-13 20:07:05', '2014-11-13 20:07:05'),
(418, 'SE VENDE BONITO TERRENO EN CARRETERA MASAYADSC06295.JPG', 74, '2014-11-13 20:07:11', '2014-11-13 20:07:11'),
(419, 'SE VENDE BONITO TERRENO EN CARRETERA MASAYADSC06296.JPG', 74, '2014-11-13 20:07:15', '2014-11-13 20:07:15'),
(420, 'SE VENDE BONITO TERRENO EN CARRETERA MASAYADSC06298 - copia.JPG', 74, '2014-11-13 20:07:19', '2014-11-13 20:07:19'),
(421, 'SE VENDE BONITO TERRENO EN CARRETERA MASAYADSC06298.JPG', 74, '2014-11-13 20:07:25', '2014-11-13 20:07:25'),
(422, 'SE VENDE BONITO TERRENO EN CARRETERA MASAYADSC06299.JPG', 74, '2014-11-13 20:07:30', '2014-11-13 20:07:30'),
(423, 'SE VENDE BONITO TERRENO EN CARRETERA MASAYADSC06300.JPG', 74, '2014-11-13 20:07:33', '2014-11-13 20:07:33'),
(424, 'SE VENDE O ALQUILA BELLA CASA SECTOR UNICA892805_262024167293003_1570975605_o.jpg', 75, '2014-11-13 23:25:57', '2014-11-13 23:25:57'),
(425, 'SE VENDE O ALQUILA BELLA CASA SECTOR UNICA1465726_262024150626338_1570175845_o.jpg', 75, '2014-11-13 23:26:00', '2014-11-13 23:26:00'),
(426, 'SE VENDE O ALQUILA BELLA CASA SECTOR UNICA1497827_262024283959658_2032088352_o.jpg', 75, '2014-11-13 23:26:04', '2014-11-13 23:26:04'),
(427, 'SE VENDE O ALQUILA BELLA CASA SECTOR UNICA1498082_262024010626352_1377283403_o.jpg', 75, '2014-11-13 23:26:06', '2014-11-13 23:26:06'),
(428, 'SE VENDE O ALQUILA BELLA CASA SECTOR UNICA1501644_262024013959685_1782740626_o.jpg', 75, '2014-11-13 23:26:07', '2014-11-13 23:26:07'),
(429, 'SE VENDE O ALQUILA BELLA CASA SECTOR UNICA1509147_10203687684742483_8158345463302707474_n.jpg', 75, '2014-11-13 23:26:09', '2014-11-13 23:26:09'),
(430, 'SE VENDE O ALQUILA BELLA CASA SECTOR UNICA1527046_10203687684942488_3009748461516418547_n.jpg', 75, '2014-11-13 23:26:11', '2014-11-13 23:26:11'),
(431, 'SE VENDE O ALQUILA BELLA CASA SECTOR UNICA10297661_10203687682022415_7822891047330134618_n.jpg', 75, '2014-11-13 23:26:12', '2014-11-13 23:26:12'),
(432, 'SE VENDE O ALQUILA BELLA CASA SECTOR UNICA10322797_10203687684542478_5112960264443561827_n.jpg', 75, '2014-11-13 23:26:14', '2014-11-13 23:26:14');

-- --------------------------------------------------------

--
-- Estructura de tabla para la tabla `propietarios`
--

CREATE TABLE IF NOT EXISTS `propietarios` (
  `id` int(10) unsigned NOT NULL AUTO_INCREMENT,
  `nombre` varchar(255) COLLATE utf8_unicode_ci NOT NULL,
  `apellido` varchar(255) COLLATE utf8_unicode_ci NOT NULL,
  `email` varchar(255) COLLATE utf8_unicode_ci NOT NULL,
  `telefono` varchar(255) COLLATE utf8_unicode_ci DEFAULT NULL,
  `celular` varchar(255) COLLATE utf8_unicode_ci DEFAULT NULL,
  `id_usuario` int(10) unsigned NOT NULL,
  `created_at` timestamp NOT NULL DEFAULT '0000-00-00 00:00:00',
  `updated_at` timestamp NOT NULL DEFAULT '0000-00-00 00:00:00',
  PRIMARY KEY (`id`),
  KEY `propietarios_usuario_id_foreign` (`id_usuario`)
) ENGINE=InnoDB  DEFAULT CHARSET=utf8 COLLATE=utf8_unicode_ci AUTO_INCREMENT=29 ;

--
-- Volcado de datos para la tabla `propietarios`
--

INSERT INTO `propietarios` (`id`, `nombre`, `apellido`, `email`, `telefono`, `celular`, `id_usuario`, `created_at`, `updated_at`) VALUES
(1, 'Alexander ', 'Guadamuz', 'calexni@hotmail.com', '22895776', '88978256', 1, '2014-09-05 00:18:03', '2014-10-01 07:23:50'),
(2, 'sdgf', 'sdfsdfs', 'alexjose9@msn.com', 'ssdjfnsl', NULL, 2, '2014-09-05 00:24:17', '2014-09-05 00:24:17'),
(3, 'sdf sd', 'df sdf sd', 'asdf@asdf.com', '12345678', '88888888', 1, '2014-09-26 18:47:03', '2014-09-26 18:47:03'),
(4, 'Mirtha ', 'Gutierrez', 'mgutierrez@grupo-mesa.com', '22895776', '88100548', 1, '2014-10-01 07:21:19', '2014-10-01 07:21:19'),
(5, 'Carolina ', 'Brioso', 'carolina_brioso33@hotmail.com', '', '88854793', 1, '2014-10-01 21:56:18', '2014-10-01 21:56:18'),
(6, 'Maria ', 'Paredes', 'aquapetacuario@yahoo.com', '', '88876644', 1, '2014-10-08 04:56:06', '2014-10-08 04:56:06'),
(7, 'Ana Maria ', 'Salty Fech', 'anamarsalty@yahoo.com', '', '88880100', 1, '2014-10-08 20:59:36', '2014-10-08 20:59:36'),
(8, 'Humberto ', 'Lacayo', 'humberto.lacayo@gmail.com', '22551663', '88869730', 7, '2014-10-10 01:26:21', '2014-10-10 01:26:21'),
(9, 'Alvaro', 'Quintero', 'valisa.nicaragua@gmail.com', '', '86563194', 1, '2014-10-11 00:01:43', '2014-10-11 00:01:43'),
(10, 'Arturo ', 'Arana', 'aubieta100@hotmail.com', '', '87133686', 1, '2014-10-11 01:58:13', '2014-10-11 01:58:13'),
(11, 'BANPRO', 'SA', 'banpro@gmail.com', '', '', 1, '2014-10-11 07:48:51', '2014-10-11 07:48:51'),
(12, 'Eduard', 'Zeledon', 'eduardzeledon@banpro.com.ni', '', '88545410', 7, '2014-10-22 00:35:06', '2014-10-22 00:35:06'),
(13, 'ARMANDO ', 'LOPEZ', 'sincorreo@gmail.com', '', '88561776', 7, '2014-10-22 21:21:44', '2014-10-22 21:21:44'),
(14, 'TEDO  MARIANO', 'CASTRO VALLECILLO', 'sincorreo@gmail.com', '00000000', '00000000', 7, '2014-10-23 22:32:57', '2014-10-23 22:32:57'),
(15, 'Elias', 'King', 'sincorreo@gmail.com', '00000000', '86741142', 7, '2014-10-25 00:45:31', '2014-10-25 00:45:31'),
(16, 'ORLANDO', 'CHAVEZ', 'flomarco83@hotmail.com', '00000000', '00000000', 7, '2014-10-27 20:39:02', '2014-10-27 20:39:02'),
(17, 'ARMANDO ', 'LOPEZ', 'sincorreo@gmail.com', '00000000', '88561776', 7, '2014-10-28 21:08:39', '2014-10-28 21:08:39'),
(18, 'GUILLERMO', 'PEREZ', 'troncosoperez@aol.com', '22686956', '88524765', 7, '2014-10-30 00:37:34', '2014-10-30 00:37:34'),
(19, 'MARIA ERLINDA', 'DALIE CASTELLON', 'dalie.cadecsa@gmail.com', '22223953', '00000000', 7, '2014-10-30 01:20:39', '2014-10-30 01:20:39'),
(20, 'CARLOS', 'VILLANUEVA', 'carlosrodas11@hotmail.com', '00000000', '78092841', 7, '2014-11-01 01:08:56', '2014-11-01 01:08:56'),
(21, 'THELMA', 'OCON', 'tocon1@gmail.com', '00000000', '88824252', 7, '2014-11-01 19:35:43', '2014-11-01 19:35:43'),
(22, 'OSCAR DANILO', 'PAREDES', 'oscar_danilop@hotmail.com', '00000000', '89827075', 7, '2014-11-07 23:55:29', '2014-11-07 23:55:29'),
(23, 'MIKE ', 'TORABI', 'mehrdad_tobo@yahoo.com', '00000000', '00000000', 7, '2014-11-08 01:48:23', '2014-11-08 01:48:23'),
(24, 'SAMUEL', 'ROBERT', 'smrobert@ibw.com.ni', '00000000', '87106596', 7, '2014-11-11 20:47:39', '2014-11-11 20:47:39'),
(25, 'ROGER', 'DUARTE', 'rogerduartesr@gmail.com', '00000000', '00000000', 7, '2014-11-11 23:26:42', '2014-11-11 23:26:42'),
(26, 'JOSE JACINTO', 'RIVAS', 'sincorreo@gmail.com', '00000000', '88832089', 7, '2014-11-12 18:39:56', '2014-11-12 18:39:56'),
(27, 'VANESSA', 'OSORIO', 'v.osorio@contempohb.com', '22649160', '82528882', 7, '2014-11-13 23:06:59', '2014-11-13 23:06:59'),
(28, 'FERNANDO', 'MAYORGA', 'fernando@panevino.com', '00000000', '89300986', 7, '2014-11-14 00:58:09', '2014-11-14 00:58:09');

-- --------------------------------------------------------

--
-- Estructura de tabla para la tabla `serv`
--

CREATE TABLE IF NOT EXISTS `serv` (
  `id` int(10) unsigned NOT NULL AUTO_INCREMENT,
  `servicios` varchar(255) COLLATE utf8_unicode_ci NOT NULL,
  `clasificacion` int(11) NOT NULL,
  `created_at` timestamp NOT NULL DEFAULT '0000-00-00 00:00:00',
  `updated_at` timestamp NOT NULL DEFAULT '0000-00-00 00:00:00',
  PRIMARY KEY (`id`)
) ENGINE=InnoDB  DEFAULT CHARSET=utf8 COLLATE=utf8_unicode_ci AUTO_INCREMENT=37 ;

--
-- Volcado de datos para la tabla `serv`
--

INSERT INTO `serv` (`id`, `servicios`, `clasificacion`, `created_at`, `updated_at`) VALUES
(1, 'Agentes de Call Center.', 1, '0000-00-00 00:00:00', '2014-10-04 08:21:53'),
(2, 'Recepcionistas.', 1, '0000-00-00 00:00:00', '2014-10-22 23:00:55'),
(3, 'Conserjes.', 1, '0000-00-00 00:00:00', '2014-10-22 23:01:02'),
(4, 'Mensajeros.', 1, '0000-00-00 00:00:00', '2014-10-22 23:01:08'),
(5, 'Conductores.', 1, '0000-00-00 00:00:00', '2014-10-22 23:01:54'),
(6, 'Contadores Generales.', 1, '0000-00-00 00:00:00', '2014-10-22 23:01:47'),
(7, 'Auxiliares Contables.', 1, '0000-00-00 00:00:00', '2014-10-22 23:05:40'),
(8, 'Auxiliares de Bodega.', 1, '0000-00-00 00:00:00', '2014-10-22 23:05:51'),
(9, 'Personal de Mantenimiento.', 1, '0000-00-00 00:00:00', '2014-10-03 19:25:02'),
(10, 'Cobradores.', 1, '0000-00-00 00:00:00', '2014-10-22 23:06:06'),
(11, 'Repartidores.', 1, '0000-00-00 00:00:00', '2014-10-22 23:10:20'),
(12, 'Cárdex.', 1, '0000-00-00 00:00:00', '2014-10-22 23:01:24'),
(13, 'Impulsadoras', 1, '0000-00-00 00:00:00', '0000-00-00 00:00:00'),
(14, 'Promotores.', 1, '0000-00-00 00:00:00', '2014-10-22 23:07:39'),
(15, 'Agentes de Seguridad', 1, '0000-00-00 00:00:00', '0000-00-00 00:00:00'),
(16, 'Otros.', 1, '0000-00-00 00:00:00', '2014-10-22 23:01:38'),
(17, 'Servicios de Call Center', 2, '0000-00-00 00:00:00', '0000-00-00 00:00:00'),
(18, 'Tele-Ventas', 2, '0000-00-00 00:00:00', '0000-00-00 00:00:00'),
(19, 'Cobranza Administrativa y Judicial', 2, '0000-00-00 00:00:00', '0000-00-00 00:00:00'),
(20, 'Servicios Contables', 2, '0000-00-00 00:00:00', '0000-00-00 00:00:00'),
(21, 'Cobertura de Eventos', 2, '0000-00-00 00:00:00', '0000-00-00 00:00:00'),
(22, 'Servicios de Mensajería.', 2, '0000-00-00 00:00:00', '2014-10-22 23:10:47'),
(23, 'Venta Directa', 2, '0000-00-00 00:00:00', '0000-00-00 00:00:00'),
(24, 'Nomina', 2, '0000-00-00 00:00:00', '0000-00-00 00:00:00'),
(25, 'Administración de Personal', 2, '0000-00-00 00:00:00', '0000-00-00 00:00:00'),
(26, 'Recursos Humanos', 2, '0000-00-00 00:00:00', '0000-00-00 00:00:00'),
(27, 'Seguridad Empresarial', 2, '0000-00-00 00:00:00', '0000-00-00 00:00:00'),
(28, 'Reparación y Mantenimientos de Oficinas.', 2, '0000-00-00 00:00:00', '2014-10-22 23:06:54'),
(29, 'Reparación y Mantenimiento de Aires Acondicionados.', 2, '0000-00-00 00:00:00', '2014-10-22 23:10:07'),
(30, 'Reparación e Instalación de Sistemas Eléctricos.', 2, '0000-00-00 00:00:00', '2014-10-22 23:09:54'),
(31, 'Jardinería', 2, '0000-00-00 00:00:00', '0000-00-00 00:00:00'),
(32, 'Fontanería', 2, '0000-00-00 00:00:00', '0000-00-00 00:00:00'),
(33, 'Limpieza en General', 2, '0000-00-00 00:00:00', '0000-00-00 00:00:00'),
(34, 'Servicios de Lavado de Flota Vehicular.', 2, '0000-00-00 00:00:00', '2014-10-22 23:08:02'),
(35, 'Asesorías Jurídicas y legalización de propiedades.', 2, '0000-00-00 00:00:00', '2014-10-03 19:24:18'),
(36, 'Otros.', 2, '0000-00-00 00:00:00', '2014-10-03 19:24:38');

-- --------------------------------------------------------

--
-- Estructura de tabla para la tabla `servicios`
--

CREATE TABLE IF NOT EXISTS `servicios` (
  `id` int(11) NOT NULL DEFAULT '0',
  `servicios` varchar(50) COLLATE utf8_spanish_ci DEFAULT NULL,
  `clasificacion` int(11) NOT NULL,
  PRIMARY KEY (`id`)
) ENGINE=InnoDB DEFAULT CHARSET=utf8 COLLATE=utf8_spanish_ci;

--
-- Volcado de datos para la tabla `servicios`
--

INSERT INTO `servicios` (`id`, `servicios`, `clasificacion`) VALUES
(1, 'Agentes de Call Center.', 1),
(2, 'Recepcionistas.', 1),
(3, 'Conserjes.', 1),
(4, 'Mensajeros.', 1),
(5, 'Conductores.', 1);

-- --------------------------------------------------------

--
-- Estructura de tabla para la tabla `usuarios`
--

CREATE TABLE IF NOT EXISTS `usuarios` (
  `id` int(10) unsigned NOT NULL AUTO_INCREMENT,
  `nombre` varchar(255) COLLATE utf8_unicode_ci NOT NULL,
  `correo` varchar(255) COLLATE utf8_unicode_ci NOT NULL,
  `telefono` varchar(255) COLLATE utf8_unicode_ci NOT NULL,
  `username` varchar(255) COLLATE utf8_unicode_ci NOT NULL,
  `password` varchar(255) COLLATE utf8_unicode_ci NOT NULL,
  `role_id` int(11) NOT NULL,
  `remember_token` varchar(255) COLLATE utf8_unicode_ci NOT NULL,
  `created_at` timestamp NOT NULL DEFAULT '0000-00-00 00:00:00',
  `updated_at` timestamp NOT NULL DEFAULT '0000-00-00 00:00:00',
  `estado` tinyint(1) NOT NULL,
  PRIMARY KEY (`id`)
) ENGINE=InnoDB  DEFAULT CHARSET=utf8 COLLATE=utf8_unicode_ci AUTO_INCREMENT=9 ;

--
-- Volcado de datos para la tabla `usuarios`
--

INSERT INTO `usuarios` (`id`, `nombre`, `correo`, `telefono`, `username`, `password`, `role_id`, `remember_token`, `created_at`, `updated_at`, `estado`) VALUES
(1, 'Alexander Guadamuz', 'aguadamuz@grupo-mesa.com', '88978256', 'GMAG', '$2y$10$unQQMiMjN2g/r.IDq15RZekFMEwehpPwxWRq0a/yaH98EkXKKSLjK', 0, '3aJd6FdHsUA2jKar2zozXjksfIDRn3HklgCzBKj0FOGvltibZAjaguWisW2b', '0000-00-00 00:00:00', '2014-10-09 23:11:11', 1),
(2, 'sean', 'whatever@email.com', '8926489', 'ZARAKI', '$2y$10$xOuX.BUePVvxBd7QOG//D.RuHeSGIMsfGge2vjiE9jN.9K2..g6dq', 1, 'YzORxM8su4GQhDdKQ7byFr2qE4WciFRR7b6hTs0dqxpDBXYxHxwprkwVeH33', '0000-00-00 00:00:00', '2014-09-27 01:18:43', 0),
(3, 'Mirtha Gutierrez', 'mgutierrez@grupo-mesa.com', '88100548', 'GMMG', '$2y$10$pyIDMpLb90oBWzjJ9K5wou0yn6wExLCSPZdzM7Ap6gWlZ0krTA7SW', 0, '', '2014-09-11 22:01:19', '2014-10-01 07:16:09', 1),
(4, 'erick', 'erick@email.com', '12345678', 'ERICK', '$2y$10$pkaiYhhr7MhgnBEs/okDM.4dUIOyxayPUnck48VulY5DtCSVjB7eu', 1, 'P3P5Uieqw8T0sUolCcDDA6AV0sBKqGqV5SABEVnWQS4CiWLuEgkaquaBTC3S', '2014-09-11 22:01:50', '2014-09-18 23:22:29', 1),
(5, 'Erika Trejos', 'etrejos@grupo-mesa.com', '87758668', 'GMET', '$2y$10$bckRmiM/duFkN0KXJvZyK.w9LfWHbMHKpU7hS3i.DlNK3EreLzkBW', 0, '', '2014-09-27 05:15:20', '2014-10-01 07:10:54', 1),
(6, 'Erick Murillo', 'erickmurillo22@gmail.com', '84873769', 'ADMIN', '$2y$10$JKNAsBtS1XLRQtBU9ZbW7..LPJqZZdhYBM2XtPRMJ3OvB3PoFhdmy', 0, 'mTPeB5o6jqGcEhYwcw6v9UJoDiC6JSpbqjHrWlRx270OYxevh8E0oNmppM2A', '2014-10-01 22:16:53', '2014-11-18 12:01:14', 1),
(7, 'Roger Ulloa', 'administracion@grupo-mesa.com', '78060366', 'GMRU', '$2y$10$w7.fPD7TQc/iY/zfR01QB.Bb54s3yxO1H.BeLK7LtMi/v0KEivUZm', 0, 'ohwrCW0DuTQS1rb3wZqBYhP8rLhANsTMJQYbaEijJI3u3sezfKrzA8Eb9k0U', '2014-10-09 23:10:53', '2014-11-08 00:43:16', 1),
(8, 'Ismael Loaisiga', 'ismael2212@hotmail.com', '77190890', 'GMIL', '$2y$10$NQYKgUhmnVa11cVcA5IKbeuZaEZSSTFd3/DwXejm4WAn2AZ.3V.IG', 1, '', '2014-10-23 22:57:28', '2014-10-23 22:57:28', 1);

-- --------------------------------------------------------

--
-- Estructura de tabla para la tabla `zona`
--

CREATE TABLE IF NOT EXISTS `zona` (
  `id` int(11) NOT NULL AUTO_INCREMENT,
  `opcion` varchar(255) COLLATE utf8_spanish_ci NOT NULL DEFAULT '',
  `relacion` int(2) NOT NULL DEFAULT '0',
  PRIMARY KEY (`id`)
) ENGINE=InnoDB  DEFAULT CHARSET=utf8 COLLATE=utf8_spanish_ci AUTO_INCREMENT=223 ;

--
-- Volcado de datos para la tabla `zona`
--

INSERT INTO `zona` (`id`, `opcion`, `relacion`) VALUES
(1, 'Altagracia Norte', 99),
(2, 'Altamira del Este', 99),
(3, 'Altos de Nejapa', 99),
(4, 'Altos de Santo Domingo', 99),
(5, 'Américas 1', 99),
(6, 'Américas 2', 99),
(7, 'Américas 3', 99),
(8, 'Anexo Jose Benito', 99),
(9, 'Anexo Villa Libertad', 99),
(10, 'Anexo Villa Venezuela', 99),
(11, 'Arlen Siu', 99),
(12, 'Bajos de Acahualinca', 99),
(13, 'Barrio 8 de Marzo', 99),
(14, 'Barrio 18 de Mayo', 99),
(15, 'Barrio 19 de Julio', 99),
(16, 'Barrio Alamania Democrática', 99),
(17, 'Barrio Altagracia', 99),
(18, 'Barrio Andrés Castro', 99),
(19, 'Barrio Augusto Cesar Sandino', 99),
(20, 'Barrio Barricada', 99),
(21, 'Barrio Batahola Sur', 99),
(22, 'Barrio Benedicto Valverde', 99),
(23, 'Barrio Bertha Diaz', 99),
(24, 'Barrio Blanca Segovia', 99),
(25, 'Barrio Buenos Aires', 99),
(26, 'Barrio Camilo Chamorro', 99),
(27, 'Barrio Camilo Ortega', 99),
(28, 'Barrio Campo Bruce', 99),
(29, 'Barrio Carlos Marx', 99),
(30, 'Barrio Chico Pelón', 99),
(31, 'Barrio Concepcion de Maria', 99),
(32, 'Barrio Costa Rica', 99),
(33, 'Barrio Cristo Del Rosario', 99),
(34, 'Barrio Cuba', 99),
(35, 'Barrio Dinamarca', 99),
(36, 'Barrio Ducualí', 99),
(37, 'Barrio Edgar Lang', 99),
(38, 'Barrio Edmundo Matamoros', 99),
(39, 'Barrio El Boer', 99),
(40, 'Barrio El Cortijo', 99),
(41, 'Barrio El Edén', 99),
(42, 'Barrio El Paraísito', 99),
(43, 'Barrio el Pilar', 99),
(44, 'Barrio El Recreo', 99),
(45, 'Barrio El Seminario', 99),
(46, 'Barrio Enrique Bermudez', 99),
(47, 'Barrio Enrique Smith', 99),
(48, 'Barrio Georgino Andrade', 99),
(49, 'Barrio Germán Pomares', 99),
(50, 'Barrio Grenada', 99),
(51, 'Barrio Javier Cuadara', 99),
(52, 'Barrio Jonathan Gonzalez', 99),
(53, 'Barrio Jorge Casali', 99),
(54, 'Barrio Jorge Dimitrov', 99),
(55, 'Barrio Jorge Salazar', 99),
(56, 'Barrio Jose Dolores Estrada', 99),
(57, 'Barrio Julio Buitrago', 99),
(58, 'Barrio La Esperanza', 99),
(59, 'Barrio La Fuente', 99),
(60, 'Barrio La Primavera', 99),
(61, 'Barrio La Unión Soviética', 99),
(62, 'Barrio Lareynaga', 99),
(63, 'Barrio Largaespada', 99),
(64, 'Barrio Leningrado', 99),
(65, 'Barrio Liberia', 99),
(66, 'Barrio Loma Verde', 99),
(67, 'Barrio Los Ángeles', 99),
(68, 'Barrio Los Pescadores', 99),
(69, 'Barrio Manuel Olivares', 99),
(70, 'Barrio Maria Auxiliadora', 99),
(71, 'Barrio Meneses', 99),
(72, 'Barrio México', 99),
(73, 'Barrio Mombacho', 99),
(74, 'Barrio Monseñor Lezcano', 99),
(75, 'Barrio Nora Astorga', 99),
(76, 'Barrio Nueva Libia', 99),
(77, 'Barrio Omar Torrijos', 99),
(78, 'Barrio Oswaldo Manzanarez', 99),
(79, 'Barrio Pablo Ubeda', 99),
(80, 'Barrio Pantasma', 99),
(81, 'Barrio Rafael Ríos', 99),
(82, 'Barrio Rene Cisnero', 99),
(83, 'Barrio Rene Polanco', 99),
(84, 'Barrio Riguero', 99),
(85, 'Barrio Rubén Darío', 99),
(86, 'Barrio Salomón Moreno', 99),
(87, 'Barrio San Cristóbal', 99),
(88, 'Barrio San José Oriental', 99),
(89, 'Barrio San Judas', 99),
(90, 'Barrio San Luis', 99),
(91, 'Barrio San Luis Norte', 99),
(92, 'Barrio San Sebastián', 99),
(93, 'Barrio Santa Clara', 99),
(94, 'Barrio Santa Rosa', 99),
(95, 'Barrio Santo Domingo', 99),
(96, 'Barrio Santos López', 99),
(97, 'Barrio Sierra Maestra', 99),
(98, 'Barrio Tierra Prometida', 99),
(99, 'Barrio Tiscapa', 99),
(100, 'Barrio Urbina', 99),
(101, 'Barrio Villa Cuba libre', 99),
(102, 'Barrio Walter Ferreti', 99),
(103, 'Barrio Waspan Norte', 99),
(104, 'Barrio Waspan Sur', 99),
(105, 'Barrio Willian Diaz', 99),
(106, 'Barrrio Oscar Turcio', 99),
(107, 'Batahola Norte', 99),
(108, 'Bello Horizonte', 99),
(109, 'Bolonia', 99),
(110, 'Bosques de Altamira', 99),
(111, 'Bosques de Nejapa', 99),
(112, 'Carlos Fonseca', 99),
(113, 'Casa Real', 99),
(114, 'Casas del Pueblo 1', 99),
(115, 'Ciudad Jardín', 99),
(116, 'Colonia 14 de Septiembre', 99),
(117, 'Colonia Centroamérica', 99),
(118, 'Colonia Cristhian Perez', 99),
(119, 'Colonia Francisco Morazán', 99),
(120, 'Colonia Independencia', 99),
(121, 'Colonia Maestro Gabriel', 99),
(122, 'Colonia Managua', 99),
(123, 'Colonia Miguel Bonilla', 99),
(124, 'Colonia Molina', 99),
(125, 'Colonia Nicarao', 99),
(126, 'Colonia Primero de Mayo', 99),
(127, 'Colonia Proyecto Piloto', 99),
(128, 'Colonia Tenderí', 99),
(129, 'Colonia Unidad de Propósito', 99),
(130, 'Daniel Chavarria', 99),
(131, 'El Arroyo', 99),
(132, 'El Carmen', 99),
(133, 'El Chorizo', 99),
(134, 'El Zumen', 99),
(135, 'Farabundo Martí', 99),
(136, 'Hialeah', 99),
(137, 'Jardines De Santa Clara', 99),
(138, 'Jardines de Veracruz', 99),
(139, 'La Lomita', 99),
(140, 'Las Brisas', 99),
(141, 'Las Colinas', 99),
(142, 'Las Mercedes', 99),
(143, 'Las Torres', 99),
(144, 'Linda Vista Norte', 99),
(145, 'Llamas Del Bosque', 99),
(146, 'Lomas de Guadalupe', 99),
(147, 'Lomas de Guadalupe', 99),
(148, 'Lomas de Santo Domingo', 99),
(149, 'Lomas Del Valle', 99),
(150, 'Los Laureles Norte', 99),
(151, 'Los Laureles Sur', 99),
(152, 'Los Robles', 99),
(153, 'Mercado Ivan Montenegro', 99),
(154, 'Montoya', 99),
(155, 'Nueva Esperanza', 99),
(156, 'Planes Altamira No 3', 99),
(157, 'Planes de Altamira No.2', 99),
(158, 'Pradera del Doral', 99),
(159, 'Recreo Norte', 99),
(160, 'Reparto Las Palmas', 99),
(161, 'Reparto López', 99),
(162, 'Reparto Los Arcos', 99),
(163, 'Reparto Manuel Fernández', 99),
(164, 'Reparto Miraflores', 99),
(165, 'Reparto San Antonio', 99),
(166, 'Reparto San Juan', 99),
(167, 'Reparto San Patricio', 99),
(168, 'Reparto Santa Jilia', 99),
(169, 'Reparto Schick 1', 99),
(170, 'Reparto Schick 3 Etapa', 99),
(171, 'Reparto Segovia', 99),
(172, 'Reparto Serrano', 99),
(173, 'Residencial Casa Real 3 Etapa', 99),
(174, 'Residencial Colinas de Verona', 99),
(175, 'Residencial Las Cumbres', 99),
(176, 'Residencial Villas Italianas', 99),
(177, 'Riguero Norte', 99),
(178, 'Rubenia', 99),
(179, 'Santa Ana', 99),
(180, 'Socrate Sandino', 99),
(181, 'Sol de Libertad', 99),
(182, 'Urbanización Estancia de Santo Domingo Etapa 2', 99),
(183, 'Urbanización Madrid', 99),
(184, 'Urbanización Ríos de Aguas Vivas', 99),
(185, 'Villa 9 de Junio', 99),
(186, 'Villa Austria', 99),
(187, 'Villa Don Bosco', 99),
(188, 'Villa Flor Norte', 99),
(189, 'Villa Fontana', 99),
(190, 'Villa Fontana Este', 99),
(191, 'Villa Fontana Sur', 99),
(192, 'Villa Loreto', 99),
(193, 'Villa Miguel Gutierrez', 99),
(194, 'Villa Pedro Joaquin Chamorro', 99),
(195, 'Villa Progreso', 99),
(196, 'Villa Reconciliación', 99),
(197, 'Villa Roma', 99),
(198, 'Villa Rubén Darío', 99),
(199, 'Villa San Jacinto', 99),
(200, 'Villa Santa Fe', 99),
(201, 'Villa Tiscapa', 99),
(202, 'Villa Venezuela', 99),
(203, 'Muhan', 54),
(204, 'Reparto San Miguel', 107),
(205, 'Ciudad Jardin', 99),
(206, 'Altamira', 99),
(207, 'Santo Domingo', 0),
(208, 'Santo Domingo', 0),
(209, 'Santo Domingo', 0),
(210, 'Santo Domingo', 0),
(211, 'Santo Domingo, Managua', 99),
(214, 'El Llanito', 22),
(215, 'Carretera Norte', 99),
(216, 'Villa Fontana Norte', 99),
(217, 'Carretera Sur', 99),
(218, 'Carretera a Masaya', 97),
(219, 'Carretera a Masaya', 99),
(220, 'Carretera Ticuantepe', 99),
(221, 'Lomas Del Valle', 97),
(222, 'SECTOR UNICA', 99);

--
-- Restricciones para tablas volcadas
--

--
-- Filtros para la tabla `propietarios`
--
ALTER TABLE `propietarios`
  ADD CONSTRAINT `propietarios_usuario_id_foreign` FOREIGN KEY (`id_usuario`) REFERENCES `usuarios` (`id`);

/*!40101 SET CHARACTER_SET_CLIENT=@OLD_CHARACTER_SET_CLIENT */;
/*!40101 SET CHARACTER_SET_RESULTS=@OLD_CHARACTER_SET_RESULTS */;
/*!40101 SET COLLATION_CONNECTION=@OLD_COLLATION_CONNECTION */;
